URL,Error
http://vkjgulnzzgh5gnlf.onion,"('Connection aborted.', RemoteDisconnected('Remote end closed connection without response'))"
http://cjfxcv3zev7mythr.onion,"('Connection aborted.', RemoteDisconnected('Remote end closed connection without response'))"
http://675wc4qptjfq3wroztx4oglwmxenpumqab65trqp4veie4cjk23vefid.onion,"SOCKSHTTPConnectionPool(host='675wc4qptjfq3wroztx4oglwmxenpumqab65trqp4veie4cjk23vefid.onion', port=80): Max retries exceeded with url: / (Caused by NewConnectionError('<urllib3.contrib.socks.SOCKSConnection object at 0x7fb15d55ec10>: Failed to establish a new connection: 0x06: TTL expired'))"
http://76hrjuanhamaxqob.onion,"SOCKSHTTPConnectionPool(host='76hrjuanhamaxqob.onion', port=80): Max retries exceeded with url: / (Caused by NewConnectionError('<urllib3.contrib.socks.SOCKSConnection object at 0x7fb15c4e37f0>: Failed to establish a new connection: 0x06: TTL expired'))"
http://oqvi7deh337izuzezdciewheqaicf32zauq32cwelfzs4u4i2x2ierid.onion,"SOCKSHTTPConnectionPool(host='oqvi7deh337izuzezdciewheqaicf32zauq32cwelfzs4u4i2x2ierid.onion', port=80): Max retries exceeded with url: / (Caused by NewConnectionError('<urllib3.contrib.socks.SOCKSConnection object at 0x7fb15779bcd0>: Failed to establish a new connection: 0x06: TTL expired'))"
http://2a2a2abbjsjcjwfuozip6idfxsxyowoi3ajqyehqzfqyxezhacur7oyd.onion,"SOCKSHTTPConnectionPool(host='2a2a2abbjsjcjwfuozip6idfxsxyowoi3ajqyehqzfqyxezhacur7oyd.onion', port=80): Max retries exceeded with url: / (Caused by NewConnectionError('<urllib3.contrib.socks.SOCKSConnection object at 0x7fb154f44160>: Failed to establish a new connection: 0x06: TTL expired'))"
http://gmarket5dexuvxk3.onion,"SOCKSHTTPConnectionPool(host='gmarket5dexuvxk3.onion', port=80): Max retries exceeded with url: / (Caused by NewConnectionError('<urllib3.contrib.socks.SOCKSConnection object at 0x7fb15dbc9af0>: Failed to establish a new connection: 0x04: Host unreachable'))"
http://plasticzxmw4gepd.onion,"SOCKSHTTPConnectionPool(host='plasticzxmw4gepd.onion', port=80): Max retries exceeded with url: / (Caused by NewConnectionError('<urllib3.contrib.socks.SOCKSConnection object at 0x7fb154fdf730>: Failed to establish a new connection: 0x04: Host unreachable'))"
http://o3fkhst6gymb6duo.onion,"SOCKSHTTPConnectionPool(host='o3fkhst6gymb6duo.onion', port=80): Max retries exceeded with url: / (Caused by NewConnectionError('<urllib3.contrib.socks.SOCKSConnection object at 0x7fb15c124220>: Failed to establish a new connection: 0x06: TTL expired'))"
http://hosting6iar5zo7c.onion,"SOCKSHTTPConnectionPool(host='hosting6iar5zo7c.onion', port=80): Max retries exceeded with url: / (Caused by NewConnectionError('<urllib3.contrib.socks.SOCKSConnection object at 0x7fb156e88a00>: Failed to establish a new connection: 0x06: TTL expired'))"
http://4m6omb3gmrmnwzxi.onion,"SOCKSHTTPConnectionPool(host='4m6omb3gmrmnwzxi.onion', port=80): Max retries exceeded with url: / (Caused by NewConnectionError('<urllib3.contrib.socks.SOCKSConnection object at 0x7fb15672fd00>: Failed to establish a new connection: 0x06: TTL expired'))"
http://canxzwmfihdnn7bz.onion,"SOCKSHTTPConnectionPool(host='canxzwmfihdnn7bz.onion', port=80): Max retries exceeded with url: / (Caused by NewConnectionError('<urllib3.contrib.socks.SOCKSConnection object at 0x7fb15c130e80>: Failed to establish a new connection: 0x06: TTL expired'))"
http://videonwcswhrqynk.onion,"SOCKSHTTPConnectionPool(host='videonwcswhrqynk.onion', port=80): Max retries exceeded with url: / (Caused by NewConnectionError('<urllib3.contrib.socks.SOCKSConnection object at 0x7fb156699be0>: Failed to establish a new connection: 0x06: TTL expired'))"
http://sbxxtg7qehc6wvhl.onion,"SOCKSHTTPConnectionPool(host='sbxxtg7qehc6wvhl.onion', port=80): Max retries exceeded with url: / (Caused by NewConnectionError('<urllib3.contrib.socks.SOCKSConnection object at 0x7fb156ea4fd0>: Failed to establish a new connection: 0x06: TTL expired'))"
http://lz2wzmn6em6uaaqrbngn3nkjl7x647la5t62bppxdvxpkplwflm5vjad.onion,"SOCKSHTTPConnectionPool(host='lz2wzmn6em6uaaqrbngn3nkjl7x647la5t62bppxdvxpkplwflm5vjad.onion', port=80): Max retries exceeded with url: / (Caused by NewConnectionError('<urllib3.contrib.socks.SOCKSConnection object at 0x7fb156752d00>: Failed to establish a new connection: 0x04: Host unreachable'))"
http://iti5nhht4gm4moxglbpa72b47ukl457cm7ayf6fdbbc2so2upfofotad.onion,"SOCKSHTTPConnectionPool(host='iti5nhht4gm4moxglbpa72b47ukl457cm7ayf6fdbbc2so2upfofotad.onion', port=80): Max retries exceeded with url: / (Caused by NewConnectionError('<urllib3.contrib.socks.SOCKSConnection object at 0x7fb15c31b790>: Failed to establish a new connection: 0x04: Host unreachable'))"
http://iti5nhht4gm4moxglbpa72b47ukl457cm7ayf6fdbbc2so2upfofotad.onion,"SOCKSHTTPConnectionPool(host='iti5nhht4gm4moxglbpa72b47ukl457cm7ayf6fdbbc2so2upfofotad.onion', port=80): Max retries exceeded with url: / (Caused by NewConnectionError('<urllib3.contrib.socks.SOCKSConnection object at 0x7fb1564e0e80>: Failed to establish a new connection: 0x04: Host unreachable'))"
http://3pc3yapw2xmsfnfx.onion,"('Connection aborted.', RemoteDisconnected('Remote end closed connection without response'))"
http://3pc3yapw2xmsfnfx.onion,"('Connection aborted.', RemoteDisconnected('Remote end closed connection without response'))"
http://7z56hbrjvueh5owr4hdsq5bgox73cfkvu5jwrdiks7ixwqbuvntr2did.onion,"SOCKSHTTPConnectionPool(host='7z56hbrjvueh5owr4hdsq5bgox73cfkvu5jwrdiks7ixwqbuvntr2did.onion', port=80): Max retries exceeded with url: / (Caused by NewConnectionError('<urllib3.contrib.socks.SOCKSConnection object at 0x7fb15e8f5280>: Failed to establish a new connection: 0x04: Host unreachable'))"
http://7z56hbrjvueh5owr4hdsq5bgox73cfkvu5jwrdiks7ixwqbuvntr2did.onion,"SOCKSHTTPConnectionPool(host='7z56hbrjvueh5owr4hdsq5bgox73cfkvu5jwrdiks7ixwqbuvntr2did.onion', port=80): Max retries exceeded with url: / (Caused by NewConnectionError('<urllib3.contrib.socks.SOCKSConnection object at 0x7fb1566421f0>: Failed to establish a new connection: 0x04: Host unreachable'))"
http://darkdir2pjbenfhvaxo6r27hpwmwh5xxw5htvzxgoxxmnggqwv5mt4yd.onion,"SOCKSHTTPConnectionPool(host='darkdir2pjbenfhvaxo6r27hpwmwh5xxw5htvzxgoxxmnggqwv5mt4yd.onion', port=80): Max retries exceeded with url: / (Caused by NewConnectionError('<urllib3.contrib.socks.SOCKSConnection object at 0x7fb154fba790>: Failed to establish a new connection: 0x04: Host unreachable'))"
http://darkdir2pjbenfhvaxo6r27hpwmwh5xxw5htvzxgoxxmnggqwv5mt4yd.onion,"SOCKSHTTPConnectionPool(host='darkdir2pjbenfhvaxo6r27hpwmwh5xxw5htvzxgoxxmnggqwv5mt4yd.onion', port=80): Max retries exceeded with url: / (Caused by NewConnectionError('<urllib3.contrib.socks.SOCKSConnection object at 0x7fb15d7440d0>: Failed to establish a new connection: 0x04: Host unreachable'))"
http://7ep7acrkunzdcw3l.onion,"SOCKSHTTPConnectionPool(host='7ep7acrkunzdcw3l.onion', port=80): Max retries exceeded with url: / (Caused by NewConnectionError('<urllib3.contrib.socks.SOCKSConnection object at 0x7fb156755250>: Failed to establish a new connection: 0x06: TTL expired'))"
http://pointgg344ghbo2s.onion,"SOCKSHTTPConnectionPool(host='pointgg344ghbo2s.onion', port=80): Max retries exceeded with url: / (Caused by NewConnectionError('<urllib3.contrib.socks.SOCKSConnection object at 0x7fb154feeee0>: Failed to establish a new connection: 0x06: TTL expired'))"
http://zsionvz2kfzttpv3.onion,"SOCKSHTTPConnectionPool(host='zsionvz2kfzttpv3.onion', port=80): Max retries exceeded with url: / (Caused by NewConnectionError('<urllib3.contrib.socks.SOCKSConnection object at 0x7fb15c013c40>: Failed to establish a new connection: 0x06: TTL expired'))"
http://7nzsnve2pej6ok663t4o2enpww2udrrarxxmlsnrzo3gcjidvku2vfad.onion,"SOCKSHTTPConnectionPool(host='7nzsnve2pej6ok663t4o2enpww2udrrarxxmlsnrzo3gcjidvku2vfad.onion', port=80): Max retries exceeded with url: / (Caused by NewConnectionError('<urllib3.contrib.socks.SOCKSConnection object at 0x7fb1577011c0>: Failed to establish a new connection: 0x04: Host unreachable'))"
http://cgmcoopwhempo6a5.onion,"SOCKSHTTPConnectionPool(host='cgmcoopwhempo6a5.onion', port=80): Max retries exceeded with url: / (Caused by NewConnectionError('<urllib3.contrib.socks.SOCKSConnection object at 0x7fb15d9c20a0>: Failed to establish a new connection: 0x06: TTL expired'))"
http://berluscqui3nj4qz.onion,"SOCKSHTTPConnectionPool(host='berluscqui3nj4qz.onion', port=80): Max retries exceeded with url: / (Caused by NewConnectionError('<urllib3.contrib.socks.SOCKSConnection object at 0x7fb15660d040>: Failed to establish a new connection: 0x06: TTL expired'))"
http://lq46uemafsc6il2g.onion,"SOCKSHTTPConnectionPool(host='lq46uemafsc6il2g.onion', port=80): Max retries exceeded with url: / (Caused by NewConnectionError('<urllib3.contrib.socks.SOCKSConnection object at 0x7fb157fd8d00>: Failed to establish a new connection: 0x06: TTL expired'))"
http://kryptocg6rptq3wd.onion,"SOCKSHTTPConnectionPool(host='kryptocg6rptq3wd.onion', port=80): Max retries exceeded with url: / (Caused by NewConnectionError('<urllib3.contrib.socks.SOCKSConnection object at 0x7fb1564e6430>: Failed to establish a new connection: 0x06: TTL expired'))"
http://helixmixalgxogje.onion,"SOCKSHTTPConnectionPool(host='helixmixalgxogje.onion', port=80): Max retries exceeded with url: / (Caused by NewConnectionError('<urllib3.contrib.socks.SOCKSConnection object at 0x7fb15c0d1100>: Failed to establish a new connection: 0x06: TTL expired'))"
http://financo6ytrzaoqg.onion,"SOCKSHTTPConnectionPool(host='financo6ytrzaoqg.onion', port=80): Max retries exceeded with url: / (Caused by NewConnectionError('<urllib3.contrib.socks.SOCKSConnection object at 0x7fb15660d100>: Failed to establish a new connection: 0x06: TTL expired'))"
http://dreamrvfuqrpzn4q.onion,"SOCKSHTTPConnectionPool(host='dreamrvfuqrpzn4q.onion', port=80): Max retries exceeded with url: / (Caused by NewConnectionError('<urllib3.contrib.socks.SOCKSConnection object at 0x7fb156661d00>: Failed to establish a new connection: 0x06: TTL expired'))"
http://shadowrnzghb5zhb.onion,"SOCKSHTTPConnectionPool(host='shadowrnzghb5zhb.onion', port=80): Max retries exceeded with url: / (Caused by NewConnectionError('<urllib3.contrib.socks.SOCKSConnection object at 0x7fb15c069760>: Failed to establish a new connection: 0x06: TTL expired'))"
http://bitcardsqucnyfv2.onion,"SOCKSHTTPConnectionPool(host='bitcardsqucnyfv2.onion', port=80): Max retries exceeded with url: / (Caused by NewConnectionError('<urllib3.contrib.socks.SOCKSConnection object at 0x7fb1564ab3d0>: Failed to establish a new connection: 0x06: TTL expired'))"
http://bankors4d5cdq2tq.onion,"SOCKSHTTPConnectionPool(host='bankors4d5cdq2tq.onion', port=80): Max retries exceeded with url: / (Caused by NewConnectionError('<urllib3.contrib.socks.SOCKSConnection object at 0x7fb1564ab610>: Failed to establish a new connection: 0x06: TTL expired'))"
http://mrisu6dzj2sy7uvl.onion,"SOCKSHTTPConnectionPool(host='mrisu6dzj2sy7uvl.onion', port=80): Max retries exceeded with url: / (Caused by NewConnectionError('<urllib3.contrib.socks.SOCKSConnection object at 0x7fb15d95d1f0>: Failed to establish a new connection: 0x06: TTL expired'))"
http://efb6om7tze6aab25.onion,"SOCKSHTTPConnectionPool(host='efb6om7tze6aab25.onion', port=80): Max retries exceeded with url: / (Caused by NewConnectionError('<urllib3.contrib.socks.SOCKSConnection object at 0x7fb15c212070>: Failed to establish a new connection: 0x06: TTL expired'))"
http://cardsunwqrzhg5cw.onion,"SOCKSHTTPConnectionPool(host='cardsunwqrzhg5cw.onion', port=80): Max retries exceeded with url: / (Caused by NewConnectionError('<urllib3.contrib.socks.SOCKSConnection object at 0x7fb156675f10>: Failed to establish a new connection: 0x06: TTL expired'))"
http://j5ehssrshpxpdkto.onion,"SOCKSHTTPConnectionPool(host='j5ehssrshpxpdkto.onion', port=80): Max retries exceeded with url: / (Caused by NewConnectionError('<urllib3.contrib.socks.SOCKSConnection object at 0x7fb1564ab520>: Failed to establish a new connection: 0x06: TTL expired'))"
http://2aed243etgnjkytw.onion,"SOCKSHTTPConnectionPool(host='2aed243etgnjkytw.onion', port=80): Max retries exceeded with url: / (Caused by NewConnectionError('<urllib3.contrib.socks.SOCKSConnection object at 0x7fb1564bb310>: Failed to establish a new connection: 0x06: TTL expired'))"
http://wc4vfyu7hsjw2kxa.onion,"SOCKSHTTPConnectionPool(host='wc4vfyu7hsjw2kxa.onion', port=80): Max retries exceeded with url: / (Caused by NewConnectionError('<urllib3.contrib.socks.SOCKSConnection object at 0x7fb1565b2460>: Failed to establish a new connection: 0x06: TTL expired'))"
http://blackph5fuiz72bf.onion,"SOCKSHTTPConnectionPool(host='blackph5fuiz72bf.onion', port=80): Max retries exceeded with url: / (Caused by NewConnectionError('<urllib3.contrib.socks.SOCKSConnection object at 0x7fb156446c70>: Failed to establish a new connection: 0x06: TTL expired'))"
http://caworldwyrxypvqm.onion,"SOCKSHTTPConnectionPool(host='caworldwyrxypvqm.onion', port=80): Max retries exceeded with url: / (Caused by NewConnectionError('<urllib3.contrib.socks.SOCKSConnection object at 0x7fb1565b2af0>: Failed to establish a new connection: 0x06: TTL expired'))"
http://zdps5qat2b4dusmp.onion,"SOCKSHTTPConnectionPool(host='zdps5qat2b4dusmp.onion', port=80): Max retries exceeded with url: / (Caused by NewConnectionError('<urllib3.contrib.socks.SOCKSConnection object at 0x7fb15658f070>: Failed to establish a new connection: 0x06: TTL expired'))"
http://777o6suetmexlesv.onion,"SOCKSHTTPConnectionPool(host='777o6suetmexlesv.onion', port=80): Max retries exceeded with url: / (Caused by NewConnectionError('<urllib3.contrib.socks.SOCKSConnection object at 0x7fb154f44a90>: Failed to establish a new connection: 0x06: TTL expired'))"
http://djn4mhmbbqwjiq2v.onion,"SOCKSHTTPConnectionPool(host='djn4mhmbbqwjiq2v.onion', port=80): Max retries exceeded with url: / (Caused by NewConnectionError('<urllib3.contrib.socks.SOCKSConnection object at 0x7fb15c2773d0>: Failed to establish a new connection: 0x06: TTL expired'))"
http://sla2tcypjz774dno.onion,"SOCKSHTTPConnectionPool(host='sla2tcypjz774dno.onion', port=80): Max retries exceeded with url: / (Caused by NewConnectionError('<urllib3.contrib.socks.SOCKSConnection object at 0x7fb1577066d0>: Failed to establish a new connection: 0x06: TTL expired'))"
http://vu2wohoog2bytxgr.onion,"SOCKSHTTPConnectionPool(host='vu2wohoog2bytxgr.onion', port=80): Max retries exceeded with url: / (Caused by NewConnectionError('<urllib3.contrib.socks.SOCKSConnection object at 0x7fb1565b2880>: Failed to establish a new connection: 0x06: TTL expired'))"
http://zzq7gpluliw6iq7l.onion,"SOCKSHTTPConnectionPool(host='zzq7gpluliw6iq7l.onion', port=80): Max retries exceeded with url: / (Caused by NewConnectionError('<urllib3.contrib.socks.SOCKSConnection object at 0x7fb15658fe80>: Failed to establish a new connection: 0x06: TTL expired'))"
http://fakeidskhfik46ux.onion,"SOCKSHTTPConnectionPool(host='fakeidskhfik46ux.onion', port=80): Max retries exceeded with url: / (Caused by NewConnectionError('<urllib3.contrib.socks.SOCKSConnection object at 0x7fb156691fa0>: Failed to establish a new connection: 0x06: TTL expired'))"
http://tytbeta57rw2onit.onion,"SOCKSHTTPConnectionPool(host='tytbeta57rw2onit.onion', port=80): Max retries exceeded with url: / (Caused by NewConnectionError('<urllib3.contrib.socks.SOCKSConnection object at 0x7fb1564f4dc0>: Failed to establish a new connection: 0x06: TTL expired'))"
