Title,URL,Status
Tor Project | Anonymity Online,http://expyuzz4wqqyqhjn.onion,200
Unknown title,http://qrmfuxwgyzk5jdjz.onion,200
Tor Project | Anonymity Online,http://sbe5fi5cka5l3fqe.onion,200
Tor Project | Privacy Online,http://krkzagd5yo4bvypt.onion,200
Index of /,http://e4nybovdbcwaqlyt.onion,200
Index of /,http://x3nelbld33llasqv.onion,200
Index of /,http://vijs2fmpd72nbqok.onion,200
BridgeDB,http://z5tfsnikzulwicxs.onion,200
Index of /,http://qigcb4g4xxbh5ho6.onion,200
Index of /,http://kkvj4mhsttfcrksj.onion,200
Tor Project | Join the Tor Community,http://3gldbgtv5e4god56.onion,200
401 Unauthorized,http://5bam5t36aombgv76.onion,401
Consensus health,http://tgnv2pssfumdedyw.onion,200
Welcome to crm-int-01!,http://2iqyjmvrkrq5h5mg.onion,200
Welcome to crm-int-01!,http://nwoyhtkk4tloji3j.onion,200
Index of /,http://sdscoq7snqtznauu.onion,200
ExoneraTor – Tor Metrics,http://zfu7x4fuagirknhb.onion,200
\n    Home - FP Central\n,http://ngp5wfw5z6ms3ynx.onion,200
Tor Project | What is GetTor?,http://tngjm3owsslo3wgo.onion,200
401 Unauthorized,http://odz6noxeukaw43e7.onion,401
Welcome to extra.torproject.org!,http://klbl4glo2btuwyok.onion,200
401 Unauthorized,http://btqwlm5n6filwdoj.onion,401
gitweb.torproject.org,http://dccbbv6cooddgcrq.onion,200
Welcome to hetzner-hel1-03!,http://s2bweojt5vg52e5i.onion,200
ZNC - Web Frontend,http://eibwzyiqgk6vgugg.onion,200
Dashboard [Jenkins],http://f7lqb5oicvsahone.onion,200
gitweb.torproject.org,http://jqs44zhtxl2uo6gk.onion,200
Welcome to Tor Metrics,http://rougmnvswfsmd4dq.onion,200
401 Unauthorized,http://l3xrunzkfufzvw2c.onion,401
d﻿ark.fai﻿l: Which darknet sites are online?,http://darkfailllnkf4vf.onion,200
Scam List of Tor,http://jancwqly2wrh35ab.onion,200
Scam List of Tor,http://rap7gypjs4v6a7ax.onion,200
Scam List of Tor,http://ba7fsz4656jjxs3p.onion,200
Scam List of Tor,http://r33ar5ezvrigo7p5.onion,200
The Anti-Phishing Detector | Darkguard,http://guardday6e5nxblpojbhmx5ws2avautr7eswu3qg7gynh52rh744anyd.onion,200
Scam List of Tor,http://mi325vr3yhtlptho42mkaup4loyesnzfmx7simiw2f5gxrbrqeonh4id.onion,200
Scam List of Tor,http://vzii5edzuyvjb4kf.onion,200
\n    Ahmia —\n      Search Tor Hidden Services\n    \n  ,http://msydqstlz2kzerdg.onion,200
Scam List of Tor,http://roey5smpp67p4fxq.onion,200
BTDigg DHT Search Engine: Free Search Engine For Free Torrent Content,http://btdiggwzoyrwwbiv.onion,200
Scam List of Tor,http://pag7cizw7yi4teop.onion,200
Link changed!,http://evo7no6twwwrm63c.onion,200
Excavator - search in darknet,http://2fd6cemt4gmccflhm6imvdfvli3nf7zn6rfrwpsy7uhxrgbypvwf5fad.onion,200
Google.onion,http://ggonionvhfq7brmj.onion,200
"DuckDuckGo — Privacy, simplified.",https://3g2upl4pq6kufc4m.onion,200
MultiVAC - Search engine,http://multivacigqzqqon.onion,200
I2P Search,http://i2psesltivefcujc.onion,200
Onion Center Search Engine,http://oikgfwfqmqkph4rl.onion,200
OnionDir - Deep Web Link Directory - Hidden Wiki Mirror,http://dirnxxdraygbifgc.onion,200
UD,http://underdj5ziov3ic7.onion,200
ONION LIST - SAFE ONION LINKS LIST,http://onionvdyiweqdlta.onion,200
Wiki Link Hidden | Tor .onion urls directories,http://wikilink77h7lrbi.onion,200
HD Wiki,http://hdwikicorldcisiy.onion,200
Paul's Onion List | Safe DeepWeb Links | 2021 Verified DarkWeb Onions,http://linkdnwzr3lpx6xq.onion,200
TorWiki,http://torwikignoueupfm.onion,200
OnionTree,http://onions53ehmf4q75.onion,200
DeepLink,http://deeplinkdeatbml7.onion,200
Hidden Wiki Deep Web Links / Dark Web Links,http://wiki5kauuihowqi5.onion,200
"Welcome to Nu Wiki, The main information page for the deepweb",http://uepurdryqkrheiqs.onion,200
Deepweb & darknet markets links - Raptor.life,http://raptortiabg7uyez.onion,200
OnionDir,http://oniot2zvfczp4lpc.onion,200
CoreDir- Scam Fight Directory,http://67xkew7pvctdcj526yl7gl6pc6e2dwqwx3ugbe67g2hfjdnbwjd7euad.onion,200
DarkNet Trust,http://ohivsd7ze7rgdir4.onion,200
Unknown title,http://t7tb43a7gvl6wb7j.onion,403
Onion Scanner,http://4r4zaei5qa7qq5ha.onion,200
Unknown title,http://darkeyepxw7cuu2cppnjlgqaav6j42gyt43clcn4vjjf7llfyly5cxid.onion,403
Hidden Reviews – All reviews of the DeepWeb,http://u5lyidiw4lpkonoctpqzxgyk6xop7w7w3oho4dzzsi272rwnjhyx7ayd.onion,200
"OnionWallet Anonymous and secure Bitcoin Wallet and Bitcoin Mixer, Laundry. Wash your Bitcoins. Tor Web Wallet",http://ow24et3tetp6tvmk.onion,200
BITCARDS - Prepaid cards,http://bitccsaxbrxb6iiv.onion,200
Stack of DW,http://stacvvulbayktqlf.onion,200
money transfer-paypal transfer-western union transfer worldwide legit financial services - la casa de papel financial services,http://vljrafgxx4gjozn5.onion,200
AgoraDesk,http://agoradeska6jfxpf.onion,200
Hidden Financial Services,http://morhx3irxknskwu5.onion,200
"WeBuyBitcoins - Sell your Bitcoins for Cash (USD), ACH, WU/MG, LR, PayPal and more",http://jzn5w5pac26sqef4.onion,200
easyCARDS,http://hlpg5p2rc3uou7wr.onion,200
DARKMARKET SEIZED,http://darknet3ysxpbjtvbtyqorzuq3bp4pk3vt4fuhqxz6h2bzj2kyjbisqd.onion,200
DARKMARKET SEIZED,http://darknet5kpf7i3kulnljiwvf3q4sm2z66kbrdeuxyyhxutyt3inp7fid.onion,200
DARKMARKET SEIZED,http://darkmarkhbh2xyel.onion,200
"Prepaid card - Bazaar Plastic buy credit cards, PayPal account, Counterfeits",http://m2a7eylauv37tjq5.onion,200
APPLE SHOP - Sale Apple products - Buy iPhon Mac iPad Watch Apple,http://tbealuuxwjzobshy.onion,200
Dumps PayPal & Dumps Credit Card - Shop hacked PayPal accounts and credit card details,http://xsqp76ka66qgue2s.onion,200
Search Credit cards,http://yacxfm63zr7yb3nx6ztypzirlmwhq4jazjezddru2cpflcwnq5bejjad.onion,200
eGifter - Buy Gift Cards with your Credit Card,http://ilpbhk7rxvdgj7r24pdv2xv22cztcwpagqeqm653dsmbaqfdnehz72ad.onion,200
Gift Cards | AMAZON Gift Cards | Ebay Gift Card & Walmart Gift Card,http://2hftnsv3nzsnexqj.onion,200
STORE CLONED CARDS,http://73twy3mr7jzm3o22vetu5wwxzpdusyjottbolapb5xtb4vu5byvxb4id.onion,200
Buy Credit Cards,http://2bukwwkhmmn4qhnd.onion,200
CC SHOP - Cloned Credit Cards and Paypal Services,http://arq37mrqvn6hj553.onion,200
Cloned cards & PayPal & Western Union,http://a7sxvrehqzejwkob.onion,200
Buy Apple products,http://idmxpe5q6gjlshgm.onion,200
Apple Shop - iPhone XS MAX: Clean products & Carded Merchandise | Buy safe with bitcoin | Apple buy | buy iPhone 8 | buy iPad | buy MacBook Pro| buy iMac |,http://fzbsxc4xa4w4tgzufa3knvuerjhmgvbnrd7igye5ot5mfywuiu3h3bad.onion,200
Apple Shop - iPhone XS MAX: Clean products & Carded Merchandise | Buy safe with bitcoin | Apple buy | buy iPhone 8 | buy iPad | buy MacBook Pro| buy iMac |,http://rjb2zyzskm7he5pd.onion,200
Buy Cards - Western Union - PayPal,http://wctm6edzenzaw73hnxnaxnxg4dvlqbtl3h5j2rxqblephjlrkkrpl3yd.onion,200
Safe Shop - Cloned Cards / Dumps Cards / Magnetic Card Reader,http://jujco6eitwzieuql.onion,200
APPLE iPhone Xs,http://ku3gbxxgddbzo6de.onion,200
Market counterfeits,http://ogorojgqekpgz42e.onion,200
Buy Gift Cards Ebay AMAZON Walmart,http://hr7loslwae2lnq6w.onion,200
Marijuana Drugs,http://4t4ki52bkw46s6zfxnnlcnzrqjv4zdp5kwmqeqtouwbixuxp5kfcxyad.onion,200
Kush Drugs,http://2dvnxbhh4dqkmdexrcqj2x6wjvoa2j5yx4n5cqhv4dkhyuzgkuk76lyd.onion,200
"Drugs - Cocaine, Ecstasy, LSD, Meth, Cannabis, Seeds Cannabis",http://clb5fgs7kvrtybga.onion,200
PREPAID CARDS | WESTERN UNION - BEST PRICE,http://da2jobbck7cqwxzy.onion,200
"Store cloned cards, paypal, western union",http://t5eg73f65o5fvj3ijixyuf6ruq6mle77td6pysf47phq6bd7yidzpiqd.onion,200
Tor Wiki,http://fy4l74fw3hawlivd36yq3qkphav24i6syh6h4fptmq6pyvswstyicuid.onion,200
SHOP CREDIT CARDS / CLONE CARD | WESTERN UNION | PAYPAL,http://jwvyciheor2abnjn.onion,200
ESCROW,http://sf7gvlpqls55uacv.onion,200
Search Cloned Card - Credit card - Cards Debit - Buy Credit Cards,http://zsjvvfabm5v45fcokhfraqxvuggijhpmaybxr3fhokmm7wdnni6tyhad.onion,200
Real shop hacked PayPal accounts and credit cards! Instant transfers to your wallet!,http://m5mzvfux5v2ht6on.onion,200
Cloned cards |& PayPal |& Western Union - safe store,http://cfoiex2xsp3fzhma.onion,200
Darknet Tor - Wiki Tor,http://47ytnny2hz52alyf2t73vgxtylfjrpijyy7nxmzhevuqkeqg7kw373id.onion,200
"APPLE Market - iPhone 7 8 10 11, iPad Apple, MacBook Apple, Watch Apple",http://cr7s5vesqqozt7zt.onion,200
MONEY CENTER - Cloned cards / Paypal account / Western Union transfer,http://kpvvz3sogcxpj35g5o6eaajpu6dgyhlzxl5auf7lw3y6uuvr5fi4ktyd.onion,200
CCSeller - Cloned Cards - Dumps Cards - Magnetic Card Reader,http://5acqwntzkaefxk4o.onion,200
Darknet Links - Wiki Urls Tor,http://epplki74fnkexej7zebpmlgqkbq4yqpeb7tdcvz5uy3ni5xbjrydidqd.onion,200
Credit Card / PayPal transfer,http://bamwevyajle5vgzv.onion,200
Cloned cards - CVP Shop,http://7z6rz7shl3u56fgf6ukjnybe6lk3akfbwhtjyzszetbwburz7zp4gead.onion,200
"iPhone XS Max 64GB GOLD 500.00 $ - iPhone XS Max, 64GB, Space Gray 500.00 $ - iPhone XS Max, 64GB, Silver 500.00 $ ",http://izcp7vck7xza3pwg.onion,200
"Shop cloned cards, paypal, western union",http://vqipyixyfsgd6lqrdfjjrj6buz3rsx4fdmuodu3e2r4qsyrvmenc5lqd.onion,200
.Onion Links,http://577eadt2m3cqooz3xngjotk66fnnmqurg4mcfbm5f6nt2qj2kp6iehad.onion,200
Prepaid Debit Card buy,http://xyyg52rtxqd6sqx2.onion,200
Account PayPal buy,http://w2itccjcwmgoaprh.onion,200
"Links TOR 2018 Guide links TOR 2018 - links to the dark web. Directory links onion dir to a hidden network, a wiki site with links to dark dir.",http://cd3ajjfvka2ba3qv.onion,200
Prepaid Debit Card buy,http://ymwhagkgh6tppfup.onion,200
CC Cards / buy Western Union / best PayPal,http://bi67ugmkag2hvkw3.onion,200
"Store cloned cards, paypal, western union",http://jbksnwg6e535jsmf3tunoutte3abiktweergpoobinkxktl6fe65p3qd.onion,200
Western Union shop - Western Union buy - Stolen Western Union - Hacked Western Union,http://k324reeyvdwlh6eqwiz62gxbpwt4kbb6dvka5hagwcel4d3dzimbvgqd.onion,200
Buy Cloned Cards - Prepaid card Visa and MasterCard - PayPal / Western Union,http://jkq2l5amghrb5krk.onion,200
Cloned Cards! Western Union! PayPal!,http://dt4b2lf6wstxv624.onion,200
"Shop LSD, Meth, Cannabis, Cocaine, Ecstasy, Seeds Cannabis",http://rvwtmf52hxtxj75s.onion,200
HACK CREDIT CARDS OR DEBIT CARDS,http://me73u266boac4dn7c7xn4ut3uq4fg3t75njg66c7rt46fzhysgc5ruyd.onion,200
APPLE SHOP - Sale Apple products - Buy iPhon Mac iPad Watch Apple,http://2hplreuabqlyf44e.onion,200
! CLONED CARDS !,http://mhcge66dpacblyp55fv2i7bf37qg22xe34b4hcz2vyxpknjj7xdqkdqd.onion,200
Prepaid Debit Card buy,http://2467fjqvhdupacj3.onion,200
CLONED CARDS CENTER,http://jwahkdbvtgj7hvfg7vdxul5w2llf6wx3q5i7ihoaniywjswocoxnwdid.onion,200
A Prepaid Credit Card Supplier - Credit Cards,http://tes33a2hgyqfesq6.onion,200
"Verified store of cloned cards and hacked accounts PayPal Instant transfers Western Union shop (cloned cards, credit card, visa card)",http://i3gqrs6knseyukil.onion,200
"Cloned cards, & PayPal & Western Union",http://hpikfwiut6pkv7rt.onion,200
"Store cloned cards, paypal, western union",http://svu5b7b6hfd2bbvc72nypdteyhsa7wbh2w64gjgu36i2gxtpakwh3yid.onion,200
"Cloned Cards - Prepaid cards, cloned credit cards shop",http://2i7zcxd6u732jl2y.onion,200
Western Union shop - Western Union buy - Stolen Western Union - Hacked Western Union,http://7izsy65znjncaqdw.onion,200
Credit Cards - INSTANT CARD REPLENISHMENT,http://otsnfjcrkmp7xuyg.onion,200
Cards CC - Western Union - PayPal account,http://n7nhtbqxlhfam7eo.onion,200
 List of links Tor | Best sites onion,http://wwfy2om6nbel3ags.onion,200
"Drugs - Cocaine, Ecstasy, LSD, Meth, Cannabis, Seeds Cannabis",http://xe4prg5sezy7u243.onion,200
 Buy Credit Card Dumps - Hacked PayPal transfer BTC,http://j66enjz7gh6cm4sgiv2p6fvao4zab73fxfkmd6f3njdh2z4uahxjhcid.onion,200
Buy Credit Cards Master / PayPal / Western Union Transfers,http://q53s4kb4qw6gcl74.onion,200
"Shop cloned cards, paypal, western union",http://pesi67mev4masvt3es3idjw7xmxr47fizscabmhujl4e6tb6gknqjyqd.onion,200
Tor Links Sites,http://qswkzcvdo2viwi73.onion,200
 Credit Card Dumps / PayPal transfer BTC,http://h2ynbrals3rokjvumsjnleft3zc3pl7wnoji7n3ievr3tfkc33vfkrqd.onion,200
APPLE Marketplace,http://bvn7fd3i76mm4iao.onion,200
STORE CREDIT CARDS / CLONED CARD | WESTERN UNION | PAYPAL,http://565dynnvvodh6ooi.onion,200
Clon card - copy cards - duplicate card buy,http://qcn4yur7ojvrn4xl.onion,200
.Onion Links,http://xp2us7finkwwg5pe.onion,200
"Shop cloned cards, paypal, western union",http://vkkzd55b7bidntmk.onion,200
Cloned Cards Prepaid Card Visa Prepaid Cards Master Card PayPal Transfers Western Union Transfers,http://aasrurehyeqbbfdw.onion,200
.Onion Links,http://4uwknqcrvaflsw43.onion,200
Prepaid cards - Shop CC 100%,http://wc3ge4ccmtpsg2ym.onion,200
Account PayPal - Buy PayPal,http://bqwwjl5uuieatyqs.onion,200
"Carding cc , ccs , buy cloned cards , credit cards , debit , mastercard , prepaid cards , visa",http://c7fhkjr2zifyhrxpwvi2wvwkvtldwhfpr6xevux4fxupsaqcvphbfxqd.onion,200
Cloned Cards Prepaid Card Visa Prepaid Cards Master Card PayPal Transfers Western Union Transfers,http://ytb4llw3k7zmco4y.onion,200
CLONED CARDS - Shop cards PayPal Western Union,http://77vjj5pcnrgv4z4d.onion,200
Children Dolls Silicone - Kids Silicone Doll CP pedo,http://msmnaxaos4qcss3u.onion,200
"Credit clone card - Bazaar Plastic buy credit card, PayPal account, Counterfeits",http://uxwtdfhmpswigsuw.onion,200
"Store cloned cards, paypal, western union",http://6owtidbdwumacpioictt7m6jozpfbeuelar4uaiuqknoie4w5k4izkid.onion,200
Onion Dir - List onion links - Wiki urls darknet.,http://isetjpf4n3f5is5u.onion,200
"iPhone X 256GB Space Gray 500.00 $ - iPhone 8 Plus, 64GB, Gold 350.00 $ - iPhone 8 Plus, 64GB, Silver 350.00 $",http://7rzhduxyg7gun2ws.onion,200
Cloning Cards & Western Union & acc PayPal,http://eobv4qwanle7icuiqr76u2ij2vtyru5xd7x3rcmixcbzgxgyvbj5tsad.onion,200
"Buy an Apple in a store - iPhone 10 11, iPhone Xr, iPhone Xs, iPhone 8, iPhone 7, iPhone 6s, iPhoneSE, iPhone 5s, iPad, MacBook, Apple Watch Series",http://juriv5ojui4kdowq.onion,200
Safe Escrow - We define trust,http://yrpqzjkkf5l4v4ik.onion,200
Tor Wiki,http://ub6bby4x2djuerj4i2cbxnzmef566zgb2f7x6iqnu6dzwznxw2tscmqd.onion,200
"Cloned cards, & PayPal & Western Union",http://cqjevp5tcqo4js6nqrmnffbcy6aqrfjvpbf344kvdh3h2nf34mzmvgqd.onion,200
How Does Credit Card Skimming Work,http://qinbf7qxh4irm73wavmzf6ublbyzwz2pbb52rzxnojwaomdmyogvzjqd.onion,200
Clon Credit Cards - Light Money,http://i7hjmqgwa3kcycjtdpp3orakdr77mms6idsmi3wlv2a5wzhppbmqzpid.onion,200
"Photos of model girls porn kids, children porn, cp sex lola",http://j5gmfi4ip6p4lucvxgys3mc7bmnqnox6fl74zfen6m6wsgrilyqmt2ad.onion,200
CARDS STORE,http://zipzbp5dfipdm7xs2nyrtve47iswwh3mpgi5mf3c2dftzhkpj2y5mgqd.onion,200
Account PayPal buy,http://pidiqrueuvimbmq5.onion,200
Tor Sites,http://kci4xrjw7dkm4wwdpcjlxcczbawglemscnnn5kqodqgr5nnbahdr3nqd.onion,200
DarkNet 2020 - Wiki Links Tor,http://utmelw3dlgnolkwtb7vxa3y5znpqccukuz6syo5bw4ijypkdnsqrhnyd.onion,200
.onion Urls Tor Directories,http://ftmph7m5deswlaj4z6vooxxm76uhczhgr6p2adio2gi56kunetipl7yd.onion,200
Best Financial Service - Cloned Cards,http://pqjl2sgm573fpgcytpzdmktjjd73bhlkhmelinyvspvkta5xflnnl4ad.onion,200
Account PayPal buy,http://yxh4yidpwap2adzl.onion,200
western union,http://b4aevw2qzfrfkzpahayh3o5bmdfujj52jfw76q6kzjgiem67behc63ad.onion,200
Tor onion Urls Dir,http://y2w3cwongzlyhjmh.onion,200
"Shop cloned cards, paypal, western union",http://jslf7ri3tutphd5z7s4eluluwsyrvc7j7cgsb4eb4tw5mvlltfylroid.onion,200
"Shop cloned cards, paypal, western union",http://zw5snxarvt66el3ej5rdjjzk7frgf5tvk2enwc3yx2qq456jthsni4id.onion,200
Cloned cards ” service,http://qmj6hle66n6gjgbg.onion,200
Search VISA Cards,http://qxcrvqhmbgyo5bi4bnkesg2ydpggkolrfjh7kogo7rkz4k5wv5adoeqd.onion,200
"Shop cloned cards, paypal, western union",http://csxknewuic5svhui.onion,200
Western Union - Cloned Cards - PayPal,http://lmryq7uba2esuqbj.onion,200
.onion Urls Tor Directories,http://winmg6s2i7ujtlaz6cqrbrsmgkizoinhtx2dxpm5n4n2mnj4llzy2nad.onion,200
CARDS,http://ec4kwkaypao2hkyxtyrzldrewcxmukkwgol6qgrxucsnadecddv744ad.onion,200
Escrow,http://r6gp4vy6fqdfqnxa.onion,200
Tor Web,http://3vjnveersjrtaegi.onion,200
Buy Cloned Credit Cards,http://swxip7eij4obophlacblonhnypzrg3gmfv3t5vvd2gqhweffdodrp7ad.onion,200
Market best cloned cards - PayPal - Western Union,http://tigpeacn2tmesies.onion,200
1 x US Credit Card - GoldCard-Shopping @ Darkweb,http://4dn7ze5zzur7tq3w2hnyzwnm74do7kp5cojxwlks4thmlntoypp3zrid.onion,200
Credit Cards - Credit Cards Store,http://mqyxrogzrn5xcghi.onion,200
BUY CARDS,http://vqkpqduuxhvf6ycakn35csijtoi3oh6zpxfltl4yoargoz6ev75wvxqd.onion,200
Links Tor,http://2orrxnndqeoygi3a7wivy4odtc5ufq224rggvbedbpbg7yfkcgbs3wid.onion,200
Search Credit Card - Cloned cards - Cards Visa - Buy Credit Cards,http://z4yehlam3lye6nff7nzrlzkkerow6agotxnkfm5etgpowy4rirgmq4ad.onion,200
APPLE SHOP - Sale Apple products - Buy iPhon Mac iPad Watch Apple,http://h4y5xramfiooe3mz.onion,200
"Shop cloned cards, paypal, western union",http://vetaa7rpvy5vo2uz.onion,200
Lola Dolls Sex - Child pedo Doll - CP Doll,http://2xxug5eectczjchz.onion,200
CCSeller - Cloned Cards - Dumps Cards - Magnetic Card Reader,http://m4jglxobiz7fnz7seq5ej7henoe6sxzvf3lybjkptc66olutxis6lnad.onion,200
Buy Cards - Western Union - PayPal,http://acd3xzcg6emye3o3a2ofqgcgiwt3wiq7ockf5xybs4zvxm6fm42w2jad.onion,200
Buy cloned cards - Credit card buy,http://wgl5ocnpqedmsp6vqbzbhoeg2qqw6wzfwvvh7ydmfyxgs7vhwrnhugad.onion,200
Western Union - Shop Western Union,http://bxoi4gfh5tzmvnxj.onion,200
Buy Credit Cards,http://urbcmmlovujvmkx47saghrolnbxkgppg3edqa6imxq6bidxd6c4jgjqd.onion,200
SHOP CREDIT CARDS,http://4pyonvzgdaurqbul2ek43ww5nuzsupfsj4k3txexqefkkmjwb6rvtrid.onion,200
Cloned Cards Prepaid Card Visa Prepaid Cards Master Card PayPal Transfers Western Union Transfers,http://aqywtfse6xxa4i2r.onion,200
Tor Web,http://4huwbimbkh47pvxvlm2igrccfa7dti75s2fj6tcw7rzc6a5aaplygfad.onion,200
"Meth Drugs - Cocaine, Ecstasy, LSD, Cannabis, Seeds Cannabis",http://dp6nmfledq2a4gopapefancd2useyf4defb5rqnvnpcge6fp6zwhjoid.onion,200
Cloned cards & PayPal & Western Union,http://47pcognrau4itgob.onion,200
Credit card â CARDS WITH PIN,http://5hfod5njafrsqlba.onion,200
 Credit Card Dumps / PayPal transfer BTC,http://5bnxjxgjigbeuonj.onion,200
APPLE iPhone Xs,http://ivgolnsq3ikgkeba.onion,200
CARDS,http://eqypakpjhcmhtbgk.onion,200
Cheap Apple,http://u3xjikfxsqzpkbe4tczzm2iy2f43lstlvp5hqnkxaju6yddedtf3ukqd.onion,200
CREDIT CARDS SHOP - CLONE CARD | WESTERN UNION | PAYPAL,http://cqvzzdeu7nveqzuwnv3f4cfft7vmc7jvkumz366gyoucqpnycmhltiyd.onion,200
"CLONED CREDIT CARDS, PREPAID CARDS, PAYPAL & WESTERN UNION TRANSFERS",http://o3qf7oevcu6j5z6fiyrevdzbds3agh5bcytx67zwi7vrx7yfaya2jrid.onion,200
Red Room,http://3rdfopcauow6ezrx.onion,200
Tor catalog - all onion sites,http://sfpo7lcyguxhchils5g2tepgsrbv5vxi4ewoebfdf3evesaie6z24lyd.onion,200
Cloned cards buy – CLONED CARDS WITH PIN,http://vetyushgcmncm25o.onion,200
WesternUnion WU - Western Union translation,http://j4iytiet4nggcockdprkard46zy32tdges64fedhmoikor5vobk3i4id.onion,200
iPhone 11 Pro Max - Buy Apple,http://dhgbcfvetdnhsb5kmbgxrr7vgialtmdoqyhbzzo7oqs7awxvw4sxb7ad.onion,200
"Buy iPhone 11 - 10, iPhone Xr, iPhone Xs, iPhone 8, iPhone 7, iPhone 6s, iPhoneSE, iPhone 5s, iPad, MacBook, Apple Watch Series 4",http://2rgxdk7qtawadebofm6jurur5v5ee26o23uwvbmit23uhsledpy6cbyd.onion,200
Credit Cards / Western Union / PayPal,http://kzxjmrajg54k645q.onion,200
CREDIT CARDS CENTER,http://dhrdudjttr3t5rl6xsymkraggcmh3fhhllub3eypzzxbwcipyt7xfoad.onion,200
Double Your Bitcoin BTC - Doubler Bitcoin,http://vareuafskkqjrsd7.onion,200
Prepaid Cards - Light Money,http://gcvu7dpgcvorlt3yw3os5koopwabvwycjz3ay4odaiinaezwfm6fsayd.onion,200
Onion Dir - List onion links - Wiki urls darknet.,http://ibmt2ukl6iif6bo6rvbtdqxl7i25wemvbqmifq3ehz5maccyw6cpinyd.onion,200
Buy APPLE iPhone 11 - Apple products buy,http://z4buqsdtv4pp7u66.onion,200
STORE CREDIT CARDS / CLONED CARD | WESTERN UNION | PAYPAL,http://l6temw7fdncvterk.onion,200
404 Not Found,http://f5vbuf4242sn5mbd.onion,404
Buy cards - CVP Market,http://ams25w75jl4phru6mbtyqfgdj6dp7di6au65vbrh2bz2ajq5qhnih2ad.onion,200
CCSeller - Cloned Cards - Dumps Cards - Magnetic Card Reader,http://oj4qcpbu6j6ym7ev.onion,200
Amazon gift Cards with instant delivery,http://fhwpy54jzv62mqhj.onion,200
Store cards - cloned card,http://5io74as6x2hvxs24.onion,200
"Shop cloned cards, paypal, western union",http://irn4oa4jebzn3o7d.onion,200
Cloned Cards,http://zqb2tkixkf5hnspi.onion,200
PayPal Account,http://gvfopndps2ri4hsj.onion,200
Buy PayPal hacked account,http://esbwogawqbl5nxgx.onion,200
PayPal & Credit Card,http://gsdd4qlchnmlyjjl.onion,200
CREDIT CARDS SHOP - REAL SELLER CARDS | WESTERN UNION | PAYPAL,http://s5zyroygxfyjsbly.onion,200
.Onion Urls,http://sktrywkv4xbfiiare4rdv6ldzdiuvxpzift46c65usuz6fp6ae6j2zid.onion,200
MARKET CREDIT CARDS / CLONED CARD | WESTERN UNION | PAYPAL,http://y6qnbp5q3cgu5y5c.onion,200
Buying Credit Cards on the Darknet - Agora Road - Home of The Macintosh Vaporwave Cafe,http://sn54dmw5pabd2rhjxqzulpunl3m6hfr432nuaeskkic25fm3hbf7tuid.onion,200
CLONED CARDS SHOP - REAL SELLER CARDS | WESTERN UNION | PAYPAL,http://hugzwy23xstu5kxb.onion,200
Deep Web Links Tor,http://r7uhbk6qradxqqlswcin6gpohq6kfri27fkcavdvo3qmx6re6egeecqd.onion,200
Cocaine Drugs,http://fc3ryhftqfgwyroq7pt63f7jif4jknfrmd3pbdwm4sz3myelf4wfz7qd.onion,200
CREDIT CARDS,http://ocvugpfjnj6mg2o3.onion,200
Hidden Wiki Tor,http://xxqy4yzmp7itns6vbvfdytzygonof6k42wxvxgoswz6mw5v2f2ae2xad.onion,200
Credit Cards / Western Union / PayPal,http://si4rd6vgx7by44sy.onion,200
"Cloned card hacked - Bazaar Plastic buy credit cards, PayPal acc, Counterfeits",http://vh4rsfok2houie2o.onion,200
"Credit cloned cards - Bazaar Plastic buy credit card, PayPal account, Counterfeits",http://vx7kg4e3jblxyptm.onion,200
"Market Ecstasy, Cocaine, LSD, Meth, Seeds Cannabis",http://mhzcpal2c7impnqz.onion,200
404 Not Found,http://n56xh4ue3i3wfscj.onion,404
"Bazaar-Plastic buy stolen cards, PayPal account, fake money",http://b4deysu6clsb4qh2.onion,200
Red Room - Sex Rape,http://qq7cmuxc22zeo6ln.onion,200
buy cloned cards,http://4o3jggwled74nk2utp4r5nljxeswnkwtmkacylpoc556jticgwfkvyqd.onion,200
Cards CC - Western Union - PayPal account,http://7kheyvrgbsal5e2f.onion,200
Cloned cards search Candle Result,http://jbvikversrvpt66p.onion,200
cloned cards search - OnionLand Search,http://m5udtcza6igktaez.onion,200
BUY CARDS,http://kcdir23bhwitq44q3knmeyf3gjygwuwzorrvglfmxv5ql7saadgdbkad.onion,200
Prepaid Cards MasterCard,http://yen72jntncmqxygwzilpykfxzft63tw7ux7cj4mt5vf75cen47alf2qd.onion,200
Hidden Wiki Tor,http://skhz5s6z5dpjz3flxudesptuc53lsfykjjzk6mwxabssrgqwz6k7cyid.onion,200
"Shop cloned cards, paypal, western union",http://ekir2n3l7p4fqp4y7a73df5o6g6s2tn5vwv7y4wyrfjvvn4v5iab25yd.onion,200
"Store cloned cards, paypal, western union",http://66lacs2ibwz4ix7kxjlbq6sigwb5etriad5lxmldehm6rdaeevvuxnad.onion,200
Wiki Link Hidden | Tor .onion urls directories,http://l2rovcfp45ucvnb4futewkhmxqb6kktruoagx57a4zgmvjewjl2ftpyd.onion,200
CARDS PP WU,http://lhh35ejn674ybqjp3ro22bi4qrywdbcdkzrrgin3ur3lyowvcp5klfid.onion,200
Hashish Drugs,http://5xtktk7q63l533qiiupxc5nvnivzzn4mvonwaajl6vdp5p7bjatkcbad.onion,200
Prepaid Debit Card buy,http://enzjosmltnlkwkrc.onion,200
Onion Links,http://ufcbhii2osrdw4sfuf524exw375ljkrfe3j623zea352wekpicyge7ad.onion,200
Cannabis - Seeds Cannabis - Drugs Shop hash,http://hs4iyp7sdwoqcke3.onion,200
Cloned cards & PayPal & Western Union,http://gxqgldl7u64ulg3dfkn2r5b5sw3cldu74ptns7oum2roptm4ykooeoqd.onion,200
Best onion sites - Top Tor sites,http://tzex53ea7ynaevrg.onion,200
DarkWeb 2020 - Hidden Wiki,http://kptyt6jnteyq5gvo2tpnliql62b2up4i6anemwhrx5n46jmm4netj5qd.onion,200
Onion Dir Urls,http://k5kfldnp2vvfljgy.onion,200
Clone CC Trusted onion site for Cloned Credit Card. $3500 balance available,http://mbejxrzrhqha22od.onion,200
Western Union Transfer  - Store Western Union,http://jnwllvrbzw5nrke6.onion,200
CREDIT CARDS ,http://biu2c4zjzt5mnsmfjfcnisxzybhmliwxobdblcgpa2afc3mj2ilvqfqd.onion,200
Clone cards - Bazaar Plastic buy clone card,http://ldlsslgc7bppwbzpbn3esh6jbxwekdm3ggdik7g5jur2u2rvanxhrqid.onion,200
Links Tor - onion urls,http://mrb7p3rsvipdkfki7zdenhc3df6f4o7m4mhjbyr4uudbhi4h6aldqsqd.onion,200
"Credit clone card - Bazaar Plastic buy credit card, PayPal account, Counterfeits",http://ldxmfbhgfi53iotv.onion,200
Dumps Credit Card & PayPal transfer to BTC - Clone cards - Credit cards,http://wz63kzboca7qb7ce.onion,200
Cloned Cards,http://7qlalow6vhve3lp4.onion,200
Apple iPhone - iPhone XS MAX: Clean products & Carded Merchandise | Buy safe with bitcoin | Apple buy | buy iPhone 8 | buy iPad | buy MacBook Pro| buy iMac |,http://oas5nrc7uaaiy3pnlwgalgorx5p4e5j6h347jaqtavtm37gko4ayhyyd.onion,200
Cannabis,http://r3q6nxpmfdxhzz3oumaseyfr5qujvg4cayzvj2ygy6rfskz4bbhugnyd.onion,200
Cards transfer money CARD REPLENISHMENT,http://d6dxfaisuj2wbujj.onion,200
SHOP CARDS,http://ctgblr3x52i6wpym.onion,200
Red Room - Sexual Violence - Sex Rape,http://pse4djzqztl5ftwiytegvz2ypoas4cv5rn24kl2fu6yo6pvazb2uwfyd.onion,200
Cloned Cards MasterCard,http://tbbqtdoy3la7f4wttyxto3zb5wqgqbhlnaxafvvixkw4sieijoxvllid.onion,200
Credit Cards - Credit Cards Store,http://rimfcs67njjjurf7.onion,200
Deep Web Links Tor,http://z5zmar3i6yf4ds6nbbl3e4pxwptvotrrvlixmbtxsaw5c6vba5kcj3qd.onion,200
"Cloned Cards - Prepaid cards, cloned credit cards shop",http://f7nhv5ua4ixgrssuyf5yz2rspeox3umyr7pisq5ntp5nfkg3pot3qgad.onion,200
PayPal,http://yg4scjkzlzegkv6k.onion,200
AMAZON Gift Cards / Ebay Gift Card,http://z3i72fi3afo7tufj.onion,200
credit card â CARDS WITH PIN,http://p377jgkb6gahsxpa7r3t5arlgvcih2ivsrqmezveeo5yeztambizydid.onion,200
 Buy Credit Card Dumps - Hacked PayPal transfer BTC,http://mjorjn6quf3bprkzsemspk5kc2vkkkkdvg2dlo6qevnu5u4d6x7jetad.onion,200
PayPal Transfers,http://ttx6g2iqi7dwh23til7vqk6nx3pjailw25e5tedyq3uams3ze5hfxwad.onion,200
APPLE-SHOP - Buy iPhon Mac iPad Watch Apple - Sale Apple products,http://uurci5ed6prwivnx.onion,200
Credit Card / PayPal transfer,http://nk4pdboylciemipg.onion,200
Cloned Cards Prepaid Card Visa Prepaid Cards Master Card PayPal Transfers Western Union Transfers,http://o5fbyx7t27sjwq5x.onion,200
Tor Links Hidden,http://ioe55pho4zg5hoeu5vsgzia5augvzq7q7j2b5mmfjog42yuwwa3dx7yd.onion,200
"Shop cloned cards, paypal, western union",http://vjv75nfnzpqleusicpeqpdzy766i2gmoefd3ytrakrmd5ctrokeyzvqd.onion,200
CC SHOP - Cloned Credit Cards and Paypal Services,http://nokz5w4hre7gyrht.onion,200
CLONED CARDS - Shop cards PayPal Western Union,http://oylkrmeesnwcqxnm.onion,200
Cloned Cards - clone credit cards visa buy,http://djugcgqqjcj4vhy4.onion,200
Dark Web Tor Links,http://awgqe743jlktys6muuf3wc2zwiiaqxxhl3iyxuf5rktiypylsygeipid.onion,200
"Best drug stores - buy Cocaine, Ecstasy, LSD, Meth, cheap cannabis, buy marijuana, hashish, kush, Seeds Cannabis",http://u3d46uctgt66lqsi.onion,200
Search Credit card Cloned Card Cards Debit Buy Credit Cards,http://2jkwwxr6yygst54l.onion,200
Buy Cloned Cards,http://pwn43zy74st6v7ln3oe7fgndkx3xsrpyw7s75fsvzlwxs2tsnftpgryd.onion,200
Cloned cards & PayPal & Western Union,http://jty46rsv6oayzcubczm5mn67m5tsixlw3ixfobhxvahbb4eap73lvaqd.onion,200
"Buy Drugs quality marijuana, killer marijuana, best Cocaine, cheap Ecstasy, LSD, Meth, hashish and seeds store",http://5y2fvx7e4bzihk6b.onion,200
Buy Cards - Western Union - PayPal,http://xwe6ubjszoppyfqj552drzs5ydbahiwvafwh6rgayaps4udxecvm27yd.onion,200
"Store cloned cards, paypal, western union",http://wcotx5go4scof4m7.onion,200
CREDIT CARDS SHOP - REAL SELLER CARDS | WESTERN UNION | PAYPAL,http://cardshopffielsxi.onion,200
Red Room - Sexual Violence,http://6avmsatnz65ezgsy.onion,200
"Store cloned cards, paypal, western union",http://fyqgcjuyywpux4rw.onion,200
APPLE SHOP - Sale Apple products - Buy iPhon Mac iPad Watch Apple,http://dyo4u22cpymd3zhq.onion,200
Buy hacked PayPal account,http://s4ep3vznixhojcby.onion,200
My Best Buy Visa - Info & Reviews - Credit Card Insider,http://ggcx5wxn7kgb6u3fduhuucx4gp6sep67lklibi3wlrycznd6nes7peid.onion,200
Cloned Cards Store,http://euzjj3hxiz245pom.onion,200
Card Credit Visa / Prepaid Cards Master / Cloned Cards Prepaid / PayPal Transfers / Western Union Transfers,http://zup44ikah2c6jsfniiex4xmcj2ah5wdx2j6yrz4cuoasy5kcdfz43wad.onion,200
"iPhone X 64GB Silver 450.00 $ - iPhone X 64GB Space Gray 450.00 $ - iPhone X, 256GB, Silver 500.00 $",http://kpxg37dy7dwxbry4.onion,200
DarkWeb Links - Tor Wiki,http://6negstzygyk6exonvifpqff75v6voobgypqzvcssy44wdmtdfprsziyd.onion,200
Rape / Murder / Killing,http://f5vgoqj2ap2zv5ve.onion,200
Sale cards prepaid,http://ynwk7xz74ihjebob.onion,200
Apple Products,http://qasasu36lqisary2.onion,200
"Shop cloned cards, paypal, western union",http://jaunw2nuq67qzdvwksh2beefsmju6dcgihjct24borkt2xway7caqrqd.onion,200
Darknet Links - Wiki Urls Tor,http://hq356ajfv7ro7ntkhaxsnw2czd5cjghg2nntz7gzz4p2vvweockrawid.onion,200
Account PayPal buy,http://veotzd3k6btnpxp6.onion,200
Clon Card Visa,http://vicsmon6bbaunghgqkktohjglwonwvyvkqcgdzthoxuspesb2nbawjyd.onion,200
Prepaid Card Visa PayPal akk Western Union Transfers,http://j6j3irqf43opuueo.onion,200
REAL SELLER CLONED CARDS | WESTERN UNION | PAYPAL,http://jocxz2yjcjp4fn3j5la2m7hqbbmif5ppkj25zupsin63skjt4ocxhhyd.onion,200
Links TOR 2019 Wiki links TOR 2019,http://4hnqv7xifzghbodltdfegd4ycknwm6og6e2gwa4w23icoe4xlzewcoqd.onion,200
Tor onion Urls Dir,http://pbpkgvbknhxofhwq24vsuiazggeiez5m6q6wynnfzxdu3xckcjf7psyd.onion,200
 Catalog of onion sites | Tor sites list,http://zgpuav2ywy7um6fx.onion,200
Best market hacked PayPal!,http://pgzw3j72ajqm2i4x.onion,200
APPLE,http://uhuq44bjnz6nuwzb.onion,200
Trustworthy market - Credit Cards & Western Union & PayPal,http://lpnj6jtcowd2xyou.onion,200
1 x US Credit Card - GoldCard Shopping @ Darkweb,http://wrykrpcyjzc7qtsd.onion,200
Search Cloned Card - Credit card - Cards Debit - Buy Credit Cards,http://akepnfwyga3rxx3m.onion,200
"Store cloned cards, paypal, western union",http://fgnnfkwlny5ylera.onion,200
Dark Onion Dir - List of onion links in the dark directory. Wiki urls darknet.,http://terg7golimuq6sey.onion,200
DRUGS,http://y4yn2x5tnf3mxbh6m46siw4g56uqh6ya7l2xvnkdiw7sp3vnxyib6kyd.onion,200
Onion Dir Urls,http://bafbx7pr4a36co2ckixvtd26b6pjzwfsa5jovvobi6mcytj5czwv7xyd.onion,200
Cloned cards & PayPal & Western Union,http://ish5mjf6iiv2xpjez2g5jbpw2ycrdlccd537rzbnkpjgx54efbprhbad.onion,200
CC Cloned Cards buy,http://yjaxqooopv2e6a2y.onion,200
Best Amazon Gift Card,http://gcbkza5ksf5tdzmq.onion,200
HACKED CARDS,http://uylid7dodljefz2hevettip7j32obrnrnipebo6wymox3bddxpk5dhqd.onion,200
CARDS BUY,http://3e7mzefhqqvzyso76vz2djiyb3fqaylr4thtwdsvvpt4ie32igbe7iad.onion,200
Buy Cards - Western Union - PayPal,http://63x5stfe6zko7oqeg24jtmimfouwbv5utwa2qjh6zzr2nmp3fwgjz5id.onion,200
Western Union Transfers,http://u27t2zxlaovrir5qy5p5xud4lrkcmaudipjwqfyaxhrux5mrzdvgjtyd.onion,200
Apple Brand Store: Apple Products - Best Buy,http://mqsjxykt4rtyfa7k.onion,200
Deep Web Links Tor,http://6ounzqd6qpskjgfs.onion,200
CC CARD CLON,http://nokhtldpbs3psias.onion,200
Cloned cards - Bazaar Plastic buy clone card,http://4jcfkzkwbl6t3qq4.onion,200
Credit Cards,http://4xy4osrapfmfv6jc.onion,200
Cards CC,http://23gqhsxz2wmqu4x4qn43jgv4udzqjypkw4lmgwjf6jk2lu3b6zxpciad.onion,200
Western Union Transfer - 140$ - Gold Card Shopping @ Darkweb,http://wnhymaeewr7i5hoyutch4zkrcb4s5hxogqvptlqmrtdxb72cmp6dskqd.onion,200
Lolita Dolls pedo - Kids Sex Doll CP,http://7bjgd3vualnnzkn4.onion,200
Clon Card Visa,http://4omzs2sj5zwuw3hn.onion,200
Trusted Paypals and Credit Cards - Credit Cards,http://pvmjx2n24au4mzxn.onion,200
DarkWeb 2020 - Hidden Wiki,http://ygzg6qzkup7xfcq2vl3yogcs6jvrupf5qxujeevmqxbcair6vptfimqd.onion,200
Credit Cards & Western Union & PayPal,http://m5lncaoy4uwt5kerln6lrne3trwg2alrkid6jqslxguk5lyppqdxzgqd.onion,200
Prepaid Cloned Cards,http://sdkymnji3lxit4burxfhptjw6roc46nzhdapcawcutfmip2npqddj4id.onion,200
Amazon Gift Cards,http://cwku26czxux7423t.onion,200
CREDIT CARDS SHOP - REAL SELLER CARDS | WESTERN UNION | PAYPAL,http://aibbkyprlkc2vth4vfhm6rtfev7kui4xm356a3nzv6qvceqlblswy3yd.onion,200
APPLE STORE - Cheap iPhon Mac iPad Watch Apple - Buy Apple products,http://slv2oeyel6kllqba.onion,200
Cloned cards - Instant Money,http://7427sdr2xkml5ln5.onion,200
Western Union Transfers - Cards,http://atrunftqncrmkw2e.onion,200
Tor Sites,http://rn5gnopuyl5wsgkklimqrmwwnwegndq6tjdzrverd6cmbjttgf7o74id.onion,200
Prepaid Card Visa & Master Card,http://wcf5smihvmb26zk3.onion,200
CREDIT CARDS,http://mbuxi6yixyj4p3jqrx7hwdizjw3xjmiuglt2y2d36cm3ur2nb7wsnaid.onion,200
Buy hacked PayPal account,http://pl4lpbiyrtu2vbqslbrcp4zvvaeqy5zneut4wsndlqtdnwuvsavqhjqd.onion,200
.Onion Urls,http://edx2f26lcagct5po.onion,200
Buy counterfeits money - Counterfeits best,http://znmgndmvtudghsnf.onion,200
Clone Credit Card - Shop CC 100%,http://pwffonu6dtyqyrrqzxfvyogpjr26u3ejcsjxvpfczfmr4t6yha4cmead.onion,200
Store Cards - buy cloned card,http://xjvomi3entxql3e3.onion,200
Cloned cards & PayPal & Western Union,http://bxlyvdzhvql2l4kr.onion,200
Wiki onion urls | Tor .onion urls directories,http://r6dp4iizxkpuea3s77hotiisxmgfar2ggaii2uhtswzme4kphj3crhqd.onion,200
credit cards search - OnionLand Search,http://oibz3nppjhd3rjam.onion,200
Credit Card Cloning and Skimming - Credit Card FAQs,http://oyioathjz27447gbzevezh3wnqp4l2likld2i22e6ttu5yjtoutmzqid.onion,200
Cloned Cards / Gift Cards - Light Money,http://hsxnhfyc7y4tlmo6qqr5jaatnuwcfnax45vocnmlhozsv4jh3dsrisyd.onion,200
APPLE CHEAP - Buy Apple products - Sale iPhon 11 Mac iPad Watch Apple,http://v2egssw5cashhqeh.onion,200
APPLE Store - Sale Apple products,http://brm4imd3qv2wvrrp.onion,200
Shop Counterfeits,http://ayax72viounf5gkn.onion,200
.onion Urls Tor Directories,http://ygyvlg3hyqlog5gb.onion,200
iPhone 10 - Buy cheap Apple,http://zmxjnwvwiddpudmkrypt2ym7boiacsmxordmddeyf3762hbktjkdsnad.onion,200
"LSD Drugs - Cocaine, Ecstasy, Meth, Cannabis, Seeds Cannabis",http://zvvoirbqgjrlukd65wyyvcb4ua2wmase3iu5r5m4hxanqmg6or3sfqad.onion,200
Transfer Western Union - Western Union Transfer,http://gqrdawbpxywlbfyp.onion,200
CLONED CARDS - Shop cards PayPal Western Union,http://vhrkxi3kkwrstt2c.onion,200
Prepaid Cards VISA,http://xxbq4jw5pgpnxxna26irikmgy6micv333eq32ybhwj5ascpgl5umypqd.onion,200
Credit Cards & Western Union & PayPal,http://qqshz7pb75l24q33aq4leaxx5tpj3jcvb2nnejfkywm3hpxmd5bkc5qd.onion,200
APPLE iPhone Xs,http://6w4wtl66uhbsjzvx.onion,200
Tor Links,http://earq53fioh5qunny3lzx24fabjh2sr23jebyn55x4ndc6s6embsra5id.onion,200
Onion Links Best - Cards - Drugs - Hacking - Adult - CP porn,http://hxi4rd45ao6wtbti.onion,200
 Credit Card Dumps - PayPal transfer BTC,http://oval6aixoagt6m5z3sythzynv4hwoqye6aynk6hzp3cbfipydxnnzjad.onion,200
iPad,http://wycryse5hchr7y2zkvdbivrx6l6nbkgx6ayykoujd6a4jtc2bzconvad.onion,200
credit visa cards search - OnionLand Search,http://exr6bzvq3yg5e6lx.onion,200
"Cloned cards, & PayPal & Western Union",http://p4oxlbeiqcnbvitwlwzpv27sh5m4jjaz53rhawtfyrvt32z52yzxb5yd.onion,200
Cash Cards buy,http://oofmbignyibqhjq2.onion,200
 Directory of onion sites | Add sites onion,http://y4dwte6vfoarzhbv.onion,200
Deep Web Links Tor,http://suwial2k435rsjbcvjd5gkrzsvhawssctsn7ni4ex2mxdnpiqesatnad.onion,200
"Links TOR 2018 Guide links TOR 2018 - links to the dark web. Directory links onion dir to a hidden network, a wiki site with links to dark dir.",http://hltxwhj2h5ev62zkjncx5qgor35hzalbzezd7o74afd2baxgbxc5ygid.onion,200
Store cards - buy pp wu,http://zq2hmmxvvjp4xm4r.onion,200
Buy cheap APPLE - Sale iPhone - Cheapest Apple products,http://tz4chzcwatvj4b3dbawkqjestjgoaknzcedtfqs3q352zcth2ddhwvyd.onion,200
"Ecstasy Drugs - Cocaine, LSD, Meth, Cannabis, Seeds Cannabis",http://revsmv6y27pn2drt63gtw7zwxtgnxpmlo6osidmpafub6hbslwmfgxqd.onion,200
Visa Card,http://m3ahphwtmdkci5oy.onion,200
Amazon Gift Cards 100$ 400$ 800$,http://2vkswi533fi6la6r.onion,200
Buy Cloned Cards - Prepaid card Visa and MasterCard - PayPal / Western Union,http://jeudf255zcthmr5cihix4a5u4mohklulmgzfnfna33lbovxzec5qldid.onion,200
Bazaar Credit Cards ` Western Union ` PayPal,http://aawle5mnzis5ywsf.onion,200
Tor Links Hidden,http://qspa5sayniwv5pj7.onion,200
Cards Credit Search Tor not Evil,http://2qbi5gxrm6sroj6g.onion,200
"CLONED CARDS / Shop cloned cards, paypal, western union ",http://ouwzclggwwde6iwrzcliswgmol2z56jtwxwksfd4powco4numa7euvyd.onion,200
Western Union - Western Union Transfers,http://2xl2keziknfygts3pvbj4mhtth5he6lfqqg3kvffyrsta2fy577vdeid.onion,200
Cloned Cards - clone credit cards visa buy,http://dfa6jnjevvtls6ggrbsw7flxfgkrsfulue2hbftt6g5ruuktdplys4id.onion,200
Safe Escrow - We define trust,http://mjturxqbtbncbv6i.onion,200
Safe Shop - Cloned Cards / Dumps Cards / Magnetic Card Reader,http://ulacakbb5fuxipkl.onion,200
Welcome!,http://itu5h4f7shmamz2x.onion,200
PayPal & Credit Card,http://55zrelrdh2qgmwwz.onion,200
.Onion Links,http://65i2uhqyikfcgewf.onion,200
Hack Credit Cards,http://ystguveozgf4bxvy42hel5bmswvfixxgb7usg7xixb4z3szimlhgisqd.onion,200
Cloned Cards,http://q52icgiint2v4fvawu4ox4h5ap2v5hd7ztfgxbswifjave6ruhc242qd.onion,200
Credit cards search Candle Result,http://zwzbx6wl42vaehqh.onion,200
MARKET CREDIT CARDS / CLONED CARD | WESTERN UNION | PAYPAL,http://sutitsuzcezdbml3.onion,200
"Store cloned cards, paypal, western union",http://r7kuuz45dvd6ja44ezieijbruuy3djof3lfedoooworjrhvayoxdexqd.onion,200
Cloned Cards,http://d4mzwemc56ewk6dk.onion,200
PayPal - PayPal accounts,http://lutbaqcbqbp2ey2d.onion,200
Deep Web Links Tor,http://duljjsb5ggf5okxt.onion,200
Cannabis - Seeds Cannabis - Drugs Shop hash,http://ljtixhqwabh2l4v6.onion,200
Shop Gift Cards - AMAZON Ebay Walmart,http://ogyyqqeeorxpzd2z.onion,200
Credit Cards & Western Union & PayPal,http://2zv3b3p2ryzm5sce534rm7mwygbog67crqsngntgg3hkodixl6oe4mid.onion,200
Western Union - Cloned Cards - PayPal,http://usrw5mzbnl4rlkcd.onion,200
"Apple, iPhone 11, iPhone Xr, iPhone Xs, iPhone 8, iPhone 7, iPhone 6s, iPhoneSE, iPhone 5s, iPad, MacBook, Apple Watch Series 4",http://b7umapipsi37zhli.onion,200
Tor Links Sites,http://e5asqjh5i26jffrc.onion,200
Gift Cards Amazon 2020,http://budfqtymn5cf6nak.onion,200
"Shop cloned cards, paypal, western union",http://frtjnnwu7s242ewldy5ki7cyvud67lp3krkdc5otheca5cq7a6xsnlqd.onion,200
.Onion Urls,http://n3mttwim5wyrqvpwbnus4havdpozodjxoex2igjztzsazilliiwwj6id.onion,200
Tor Sites,http://b5b3zd6e76ebhrgp.onion,200
Tor Links Hidden,http://pfzssq3mgkafayfb.onion,200
SHOP CREDIT CARDS / CLONE CARD | WESTERN UNION | PAYPAL,http://yq7d5x2bee265yae.onion,200
Acc PayPal buy - PayPal Master,http://jn2hwlputf3qpeoc.onion,200
Credit Cards,http://mzeuqa3g26bzjld6.onion,200
Sites Onion Dir,http://7fikghiisgnnna7vqgqm4m3pwuqboucno7wzvlta44j4vmityckuasad.onion,200
Cloned Cards Prepaid Card Visa Prepaid Cards Master Card PayPal Transfers Western Union Transfers,http://5vopkne7beg4lxqa.onion,200
Rape - Murder! Killing people! Shock photo and video!,http://ibvu44lfb5rfzdkc.onion,200
Credit Cards & Western Union & PayPal,http://jsrueqbsgnask43g.onion,200
APPLE NEW,http://po73aoarlfeaj2xy.onion,200
PayPal - account paypal shop,http://qmvpstp6sfcbgbdegcmpb6ueitac2tqttpod75cya2l35ttncorwvhqd.onion,200
Dark Onion Dir - List of onion links in the dark directory. Wiki urls darknet.,http://sgmfbex2j2yzthop.onion,200
Western Union Transfer - Credit LW Shop for CCards and Money Transfer,http://ukioevx4rdgbvxjr.onion,200
Western Union - Cloned Cards - PayPal,http://xd6wdvb3redtn2oi.onion,200
Prepaid Cards - prepaid cards buy shop,http://llfwftv67ljb5mpmgxmqkhh4x5a73yr7s6asqu3nqmarkpnbrnldbcid.onion,200
SHOP CENTER - Cloned cards Paypal account Western Union transfer,http://kjrymb722ijrsxvmtat5pafk5j3bmfxi55ajbjncggubty6ge24bpiad.onion,200
Trusted Paypals and Credit Cards - Credit Cards,http://yqhdzn7qbfgztl4a.onion,200
Cloned Cards,http://eqjyfb3lz3cvkwk4.onion,200
.onion Urls Tor Directories,http://pwdvxbkittmyilzd.onion,200
Buy Cloned Cards / Dumps Cards / Magnetic Card Reader,http://7oszd4djjd3nztty.onion,200
"iPhone XR, 64GB, White 300.00 $ - iPhone XR, 64GB, Black 300.00 $ - iPhone XR, 64GB, Blue 300.00 $",http://rl74kgl24xymqcj4.onion,200
"Shop cloned cards, paypal, western union",http://v2hz36cjgy42dt2z.onion,200
.Onion Urls,http://zwf4pzrrr6i5hdrb.onion,200
Cloned Cards Search Tor not Evil,http://ce2wduhmsrn2lnoh.onion,200
"Cloned cards, & PayPal & Western Union",http://ezz2al3tcj2ny4rmsnba3s5wxgplstk64yv6erjpa5bvnjzpzfqdkead.onion,200
Tor Sites,http://vaobbcp6xpc626m5twpkg2ssmmnovr4vuh733vqbohbw4bi3mytwl6qd.onion,200
Credit cards - CVP Store,http://7aourfs4gf6f6nkfwqux2zfcsx4ub7aa3lxpcci6i5iw3oenafr3d5yd.onion,200
 Credit Card Dumps / PayPal transfer BTC,http://hwz5isinnplcoldj.onion,200
Best Cloned Cards! Western Union! PayPal!,http://rz3lrrn2iirlehun.onion,200
Tor Links Best - Hacking - Adult - CP porn - Cards - Drugs,http://krqefawbmtswemww.onion,200
Credit Cards - Credit Cards Store,http://gscsny477j572c7h7uvpyw52rngk2qruqkoaz5iragncxotghecuofqd.onion,200
Hacked Cloned Cards,http://k3dcwuwz4wyk6b5v.onion,200
"Drugs - Cocaine, Ecstasy, LSD, Meth, Cannabis, Seeds Cannabis",http://nywyrrjur7av3ntj.onion,200
"Store cloned cards, paypal, western union",http://idmntai6of2gh4lc.onion,200
Cloned Cards - cards buy,http://vdndqmrpjkxgyn7nkphebjwyzo4haeveo2553txflamevtk5aacbxnyd.onion,200
CREDIT CARDS SHOP - REAL SELLER CARDS | WESTERN UNION | PAYPAL,http://goa7fehfcjrxptj3afiybbtry4tn5zvtvyubf4rvvtvzflso264jciid.onion,200
PayPal Transfers - Cloned Cards,http://rg2pnimafjap6okm.onion,200
Welcome!,http://ikqmfk5fxdci4oyv.onion,200
Buy cheap APPLE - Sale iPhone - Cheapest Apple products,http://chrna3wzpeouuwxo.onion,200
Credit Cards / Western Union / PayPal,http://63xplp7vh5tokwr7.onion,200
Tor onion Urls Dir,http://ltnpuxhagrgpwrac.onion,200
DarkNet 2020 - Wiki Links Tor,http://i66lrq4yi4gm6afdnnbqj2w46zrgsnbnvdr3hfdmrvfryk3luempd5ad.onion,200
"Store cloned cards, paypal, western union",http://dfx34vwekmwyxcni7kxfsvmicwir744aj4nuqgts3qz3o53wob3ip4ad.onion,200
"Buy stolen cards credit, PayPal account, fake money - Bazaar-Plastic",http://pxq6kk6fs57hgp2s.onion,200
Gift AMAZON Ebay Walmart Cards buy,http://gge2pa655tffdmi5.onion,200
Credit Card / PayPal transfer,http://aj2ddo7a3ojrx4yh4xmfxsaio7ww3cgo5qal3bzavqqx6dixpzqm3uad.onion,200
"Cloned cards, & PayPal & Western Union",http://rmoixwwa4t7cbrnbfige2ssphdvixok76i3yzqzynqeppasnjqefghid.onion,200
MacBook,http://mw3q3jesf4iabmwsjbg434q5c3yv3zjd5jhbd3wvz34qjcvulwq4gdad.onion,200
Cannabis - Seeds Cannabis - Drugs Shop hash,http://yu3iqi52mzdlhwvn.onion,200
CREDIT CARDS,http://urbxjrlrt6kelycnb2t4pggnxk7id5wzddl3abc3bl6ov6cg6fud5vid.onion,200
Sites Onion Dir,http://dpfyvlnfqj4dtk2a.onion,200
"Drugs - Cocaine, Ecstasy, LSD, Meth, Cannabis, Seeds Cannabis",http://wzvsz3g6dodj2fyh.onion,200
Clon card,http://cfnh42via4gakloq.onion,200
"Links TOR 2018 Guide links TOR 2018 - links to the dark web. Directory links onion dir to a hidden network, a wiki site with links to dark dir.",http://n37hhelbuq3qsn22.onion,200
Prepaid CREDIT CARDS,http://vhyev5gu756fdjhdvqliehn6wcyyt2hf6sbdzijykesq73drpf75khqd.onion,200
Weed Drugs,http://jv2bfzq363esd4m4tpkk47gqbqqv2j6rp7i5blna6hl3zexummamssqd.onion,200
PREPAID CARDS / prepaid-cards buy,http://lajltpq6u24625co.onion,200
Onion Links Best - Cards - Drugs - Hacking - Adult - CP porn,http://336upsq3jpvdc3eg.onion,200
Clon Card Visa,http://ipmcwe5ffoswd4tq.onion,200
Escrow â1 - Secure payments,http://2uyiwmcn4wudbzcj.onion,200
Tor Links Best - Hacking - Adult - CP porn - Cards - Drugs,http://p6hvowxh6i6elb4s.onion,200
Market Credit Cards & Western Union & PayPal - Fast money,http://zbczkesgynki7d6q.onion,200
Tor Web,http://xuych6mzpvsb22js.onion,200
Clone CC Trusted onion site for Cloned Credit Card. $3500 balance available,http://je36xmkyce7moe5gktgdyfgrtwvsfn3gculqn4y23cotnza4375gd2yd.onion,200
Credit Cards & Western Union & PayPal,http://4djuiwzu2ec4zaco.onion,200
Prepaid cards - Shop CC 100%,http://m6v3rjrxtznusnf3ayivhxthjbdrptgf65vpxdjxguptexwk5rxjh6yd.onion,200
Cloned cards & PayPal & Western Union,http://npoyuzmmmjtnusrvfsvczkfufjmlwkgasvukoslp4kpars632ld2ezad.onion,200
CLONED CARDS - Shop cards PayPal Western Union,http://yorxozsrujzljhhp.onion,200
Trusted Paypals and Credit Cards - Credit Cards,http://lddrrwsr5rns6kwvmm6t2byily3p7o3qyqisv5xt2a3v4l3lhaod76ad.onion,200
Safe Shop - Cloned Cards / Dumps Cards / Magnetic Card Reader,http://dy7b4xcrhqyv2zh4.onion,200
A Prepaid Credit Card Supplier - Credit Cards,http://fxrx6qvrri4ldt7dhytdvkuakai75bpdlxlmner6zrlkq34rpcqpyqyd.onion,200
Tor Links Sites onion dir,http://fjsquaw7qym5fs35.onion,200
Tor Web,http://ivsrrl2knkwb7vjroibxbq5yqvmwn3hixmjzht2li7yl3lwa636vt4qd.onion,200
Store counterfeits,http://cykcpfrl3vm7snpq.onion,200
Buy Amazon Gift Cards,http://dmdpwjozqqb4cx7s.onion,200
Hacked Cards - Cloned Cards,http://prvorwly2q6ah2df.onion,200
STORE CARDS,http://dwi76qr74jc7bqqw.onion,200
Credit Cards & Western Union & PayPal,http://f67tdhwauwlh4un3h6c36upfqsgsmyoofjfbzplyfltjeymniceomkad.onion,200
CLONED CARDS - Shop cards PayPal Western Union,http://ore4n3sagn2o2zhp.onion,200
Prepaid Debit Card buy,http://j2f4dpgt4kcmcnq4razuvjtz4sjkfxhsgbd3wij2dnrie2ivhfczabyd.onion,200
Dumps PayPal & Dumps Credit Card - Shop hacked PayPal accounts and credit card details,http://lhst75hddynx4uaznj2x222zywtmym34faxojaicvxx4owwmfybc3uyd.onion,200
Marketplace Credit Cards > Western Union > PayPal akk,http://g22vpczegjfbhhd5.onion,200
"Store cloned cards, paypal, western union",http://at3utheb63tjq7tzqtkc7cyq3f4xdr3opmlasghdjfkxodqxly2ne2id.onion,200
"Cloned cards Bazaar Plastic buy Clone Card, Counterfeits, PayPals, Bank Accounts",http://3bnt2pddpa73xd4q5kzoyjvt35caryodm5usc6r3ienu44muzc6eeuqd.onion,200
 Credit Card Dumps / PayPal transfer BTC,http://or7amhxzp7jc77xr.onion,200
 Visa Card Dumps / PayPal transfer BTC,http://gh2k2hona3xzoail.onion,200
Credit Cards & Western Union & PayPal,http://vh6ly5oz5pyvimfrecqveyorqxdafafuyn6cxgxkfir3ec4wfyy643qd.onion,200
Cards CC - Western Union - PayPal account,http://kyp5yah4b5qbktna.onion,200
Tor Links Hidden Wiki,http://iypnhvwbmwsn4zgu.onion,200
iPhone,http://beah5djwpsjtgexv.onion,200
Stolen Cards - stolen cards,http://kcnkli2z4jxo5atvyuyqnz6wztx35otq54ufx24kyw26los2l6usyoad.onion,200
Dark Onion Dir - List of onion links in the dark directory. Wiki urls darknet.,http://6jh4is7hnszqhynxdc3topbhkypkp5xxv66jitb3grlc5757qze3q5yd.onion,200
Cloned cards & PayPal & Western Union,http://gt5vtozzzxp53ab2o364uvftryk4v7ume7yns43feg4uazcbntham4yd.onion,200
Cloned cards - Bazaar Plastic buy clone card,http://zlf33wr2po7g4kplsdpuf3up6a53ckrlrpdqks3m4dse63ovzshdqhid.onion,200
Dark Web Tor Links,http://l2easvfr6obl74r5pwyeqpgke4aahybcys5tplnkjazt4ohjx7gyemad.onion,200
Prepaid Debit Card buy,http://uopjwdcfyb3azxbeuoutkokryekcsbtwkxazdvtkleelgqw5njkjsmad.onion,200
CARDS,http://6tbgusvuzwovvacr3ygn66flaekw5dyigi7fnelxdgdtwxib73gwjkqd.onion,200
Buy cloned cards - Credit card buy,http://o77daxxxlzvdrhyy.onion,200
Buy Cloned Cards - Shop cards CCSeller,http://xgqlsvrufnflppgc.onion,200
Sale of Apple products,http://mn7wrpkewuocoh56.onion,200
Buy Credit Cards,http://iu2fjxppoxyrprjgktvp6ny6pshaowapmiwtyzlsg7qnsuaymwhnwnyd.onion,200
Links Tor - onion urls,http://n6dd6y365vljza5zfg32p7kvxnn2phupjikqduenhl7nj7ubfip6koyd.onion,200
"Store cloned cards, paypal, western union",http://ouaoneyd4o5pyc5moi7j7qp4yljzyf3ogrm4ar74oy2wu3jqksfnxrid.onion,200
Links TOR 2019 Wiki links TOR 2019,http://ant4c2dhjhuankqy.onion,200
Hacked PayPal - hacked account paypal,http://igiyc43bgfshsuonrkaeiqhshnsxy3sp3yqjot6clc7nqnhhshgc3zid.onion,200
Cards,http://dq2ds7xjxit6aaoe.onion,200
MARKET CREDIT CARDS / CLONED CARD | WESTERN UNION | PAYPAL,http://foxf7nnw4tk3ll7y.onion,200
Credit Cards & Western Union & PayPal,http://kd7x3pt2rv66ktxds4spweyfzn55a525fkbor2wtnmaxdpt6gz2cabad.onion,200
CARD VISA / CARD MasterCard,http://lozbw6zyiuhgcph4x5ux4qs7u4bb7ih4eshbp6ylaapcmbko3k2n3myd.onion,200
"Credit clone card - Bazaar Plastic buy credit card, PayPal account, Counterfeits",http://ocozz6xngfnelpud.onion,200
Market best cloned cards,http://7webshje2gj57vul.onion,200
"Drugs - Cocaine, Ecstasy, LSD, Meth, Cannabis, Seeds Cannabis",http://iriyqyzifsqhfrw6.onion,200
Buy Cards - Western Union - PayPal,http://evapfp3eec7nycqa.onion,200
Western Union Transfer - Credit LW Shop for CCards and Money Transfer,http://rrt6h23f522x7t667jxbq2egqpyqtuijch2qy3fqc56qcspmbrwqb2id.onion,200
"Best shop card,cards, cloned cards, credit card, visa card, buy card, prepaid card, shop cards, debit card buy store",http://zx7uws4eygc62dya.onion,200
CREDIT CARDS SHOP - CLONE CARD | WESTERN UNION | PAYPAL,http://d4o3t2jzxzdo6d6gwg3hxfjvlmelygredrfq6oq3b6k4zvsatyyulbad.onion,200
Credit Cards & Western Union & PayPal,http://xhglmd4uwe7iugsgqdmrv4bz3e4k7el4jspcc37we5xl5h5gt5qknjad.onion,200
Buy Cards - Western Union - PayPal,http://rxsc7j236mtdfde62eobww6i2an4ew6ui466qtcwy5sywkds4dp35tid.onion,200
"Apple buy, iPhone 10, iPhone Xr, iPhone Xs, iPhone 8, iPhone 7, iPhone 6s, iPhoneSE, iPhone 5s, iPad, MacBook, Apple Watch Series 4",http://cwszufwmvdwymrzo.onion,200
Credit Card / PayPal transfer,http://r4yj3f7sifdqga7h.onion,200
"Shop cloned cards, paypal, western union",http://ssu25g3jljfb66mdeuw5v2k2kbl4bi2a4udva7zifdd3n66jldrskbad.onion,200
Dark Escrow - Safe Escrow,http://ib62tqf55t7f34ay7fhspcgk2a43pjkwquegwkhcewivratwg2oy3mad.onion,200
Credit Cards & Western Union & PayPal,http://lt2irgybjjczq6ywrplbwyprxcn6wk3jsiyfrsoyzoefbwikh6bk6qqd.onion,200
"Prepaid cloned Cards store - Anonymous Marketplace, Western Union Transfer, PayPal Account, Credit Cards CCV",http://ubs73zcxhymigcb7.onion,200
CLONED CARDS ,http://jqe7awhook2sg5x5xhtghhr6twkc5ki5bdsuo2gy2oiauuixtowqpzid.onion,200
APPLE buy,http://3oioftpbnvob5f3p.onion,200
HACKED CREDIT CARDS,http://m6l5b6next4a4ktcuqu4fno3futp4byqfls2y36qw73wuxvzvbhbhpyd.onion,200
Clone Cards - clone credit cards buy,http://63ugj6xhk75p35xxadnl5mu5tfrlv5d3nz3lhl3vpmjeghqyramzdlid.onion,200
"Cloned cards, & PayPal & Western Union",http://drk4ijmcv5pq677z.onion,200
CREDIT CARDS - CLONED CARDS,http://zhxkkqdjuf7vknzqo5hie2nfp7d3zgqlehdiyigphitdrslyktmfo6ad.onion,200
Buy Cards - Western Union - PayPal,http://sruwq6doptplxyvh4piq5hq7h7yker3fmwhgduq7q3mg7tzl5c646hyd.onion,200
Credit cards visa search Candle Result,http://jaqry2tiornj3ed6.onion,200
"Shop cloned cards, paypal, western union",http://2riyh34criq5tonfurts72u5det27cpywpu6u3vwb7dw7efi665lpcyd.onion,200
"Cloned Cards - Prepaid cards, cloned credit cards shop",http://dcwgcqduq5vrr3pqkx7f5h37thfagufuvryyalris5c3m7dqdfyavxqd.onion,200
paypal,http://lcncpu6notj4j4kc4witamk3w7ghe7zwoguzd7ulmpl237qqzggipyid.onion,200
Tor Links,http://kygve6gjdouwuu2g.onion,200
APPLE Store - Sale Apple products,http://kzp5zcs25yytwknf.onion,200
Credit Card Cloning and Skimming - Credit Card FAQs,http://t6mu3dtaehooploh.onion,200
Market APPLE Cheap - Apple products buy,http://fbis646xxxgvoz6i.onion,200
"Store cloned cards, paypal, western union",http://wlriogia33mzs2kl.onion,200
Credit Cards - Light Money,http://dyetjpdb24gam3siszbpoehvauunvovpeaozxgv24sqe7bkn74blw7qd.onion,200
Search Cloned Card - Credit card - Cards Debit - Buy Credit Cards,http://juo3qexpb3dv2uluweh6k7ekxegae7vev26ryrbcyhi5qh3iayqrtkqd.onion,200
Credit Cards Search Tor not Evil,http://q5idbs4paeou2est.onion,200
Apple Watch,http://7ukn3u2nh2ytbzz4i2oiqlhjcdl55dejzgowwcxb7qky233ji6jy3nyd.onion,200
Clone Cards - clone credit cards buy,http://zlhbza2hb6y4qdffehjbsfwlkxb7ovsm4ybgxut5htzc6brcow6syoqd.onion,200
Football Money | Fixed matches. Free offers,http://footballsge4ocq3.onion,200
Amazon Gift Cards,http://4w2oe6qatchezuhy.onion,200
The Paypal Cent!,http://ppcentrend4erspk.onion,200
netAuth,http://netauth3qialu2ha.onion,200
CREDIT CARDS SHOP - CLONE CARD | WESTERN UNION | PAYPAL,http://yxg3wqyzcdpfumbd.onion,200
Buy Real Money | The Way,http://tg6dun3esfon4x63poawnwg2bfp3ubfquyspb5bnpsgxdrnztoygosad.onion,200
Light Money,http://esffe4a2acqnmj6z.onion,200
BESTSHOP - Reliable Electronics Discounter,http://tzlzpdg2chcq272qg56thagfs7insq7bl6fd7bp5k5pg7wun2p4kotad.onion,200
Black&White Cards | EUR and USD cloned cards,http://fk3qcedn3kxwfetitqlhcvz27wzpejn6qzhf3vl3da2n3zxdkwku42qd.onion,200
AUTOMATED PAYPAL AND CREDIT CARD MARKET,http://ppccpzam4nurujzv.onion,200
BITCARDS - Prepaid cards,http://622rnurwakv7xw6kbloljkivc3fnh36u2mxfl4bwdb4iwdwph6tzv2ad.onion,200
unique_opportunities,http://2y3kpqcdwhwemfoc.onion,200
Unknown title,http://worldps45uh3rhedmx7g3jgjf3vw52wkvvcastfm46fzrpwoc7f33lid.onion,200
CREDIT CARDS SHOP - CLONE CARD | WESTERN UNION | PAYPAL,http://gosanqdazquzfrq5cgcgf2n6exf3uqt2g4uxla3kfgz2gp5pkoxojsqd.onion,200
Site Offline,http://xxoztzov25ylcjrthsdoffkbaupyv47rdgdvngx6lri3ayh6vq3iewqd.onion,200
CC Guru – LF credit card cashers,http://bv4izty757e5g3ql.onion,200
Slave Girls for Cash - Hire a slave girl,http://slavegl5jgdo2pbk.onion,200
Cash Cards â Financial Market,http://7aam6j2coitr37nlusxy4icycoz66bvgflaepijay2meqre323npthad.onion,200
firearms72,http://gunstry2lzpvf47i.onion,200
firearms72,http://cocainybzbgnkpo4.onion,200
Apple Love,http://iphonegwasqieryi.onion,200
"Jewish community - hire a hitman, hire a killer",http://cq44ewxedjcuczty.onion,200
Silk Road 4,http://silkroad7rn2puhj.onion,200
Unknown title,http://f7w5mscb23tmkwnl.onion,200
CASH CARDS — cashcards@secmail.pro,http://wth474sv6ct4glwiowjipvr6ydeg6tbxlenxqibe5vno7ivmeqlumnid.onion,200
"Hire a killer, hitman for hire, real contract murders with Mara Salvatrucha mob",http://marak2kjeehrao5s.onion,200
Luckp 47 SHOP,http://luckp47s6xhz26rn.onion,200
Venus Market,http://ly75dbzixy7hlp663j32xo4dtoiikm6bxb53jvivqkpo6jwppptx3sad.onion,200
Site maintenance - RC Lab,http://empererwidlf7kmb.onion,200
Deep-Pedo-Net,http://vsmgckehhcd3klbe.onion,200
BMG (Black Market Guns) : Trusted source for worldwide GUN shipment,http://5xxqhn7qbtug7cag.onion,200
DS.BIZ,http://6qe6neebssalfmum.onion,200
UnderMarket 2.0,http://un62d2ywi33bho53.onion,200
Xhacker,http://hackerscubgar6av.onion,200
Midnight Market,http://midnightkt43f3fk.onion,200
firearms72,http://drksefgigt7reygx.onion,200
I love lolitas,http://onionoftox2owbtc.onion,200
Products - drugSEC,http://baxiy4r54fakb5yj.onion,200
POPBUY MARKET,http://nu5grt6sxtkep757.onion,200
Team Premium – Top quality deepweb products,http://6thhimkhby4az3vz.onion,200
"TORMARKET – Bestseller on the market in the darknet. Best prices and guarantee of a clean deal.  Prepared cards(VISA,MasterCard) and PayPal accounts",http://xfbkibtijchmwyip.onion,200
Green Britain,http://x65rwqt3xjxw2ath.onion,200
Buy cheap Credit Card info,http://yrz2nwkffev22vlo.onion,200
Toring – Making Your Lives Easier,http://toringei5vt4sfk7.onion,200
Onion Dir - Adult,http://pdvdftayfhljdbr7.onion,200
504 Gateway Time-out,http://hidden24qtvlgaxp.onion,504
Drak CC – Cloned Credit Cards,http://rq7yhshqhwnxneh6cwzoz4yi52okdtmfmmwr7pfkt6nzkysurdyzj3ad.onion,200
wellcome to Happy money marketplace | Dumps With Pin Shop Credit Card | Buy Dumps | CVV Shop | Fresh CC,http://lg7iwjj3ajzz2cmd.onion,200
Silk Road 4,http://silkroad4n7fwsrw.onion,200
502 Bad Gateway,http://deepmartmfvbijza.onion,502
THIS HIDDEN SITE HAS BEEN SEIZED,http://hansamkt2rr6nfg3.onion,200
BKA - Seizure Banner,http://wallstyizjhkrvmj.onion,200
new shit.,http://newshit5g5lc5coc.onion,200
Rutor - главный даркнет форум,http://xuytcbrwbxbxwnbu.onion,200
TOP FIXED MATCHES,http://kryswtsgbstxyvve.onion,200
MushMerica - Buy Shrooms on the Darknet with Bitcoin and Monero,http://mushmerwell2h6tb.onion,200
"Manticore – PREPAID CARDS (VISA,MasterCard) AND MONEY TRANSFERS VIA PAYPAL AND WESTERN UNION",http://fp5xenfxy7o5a2vq.onion,200
Unknown title,http://h4gca3vb6v37awux.onion,200
Choose Better tells you whether a .onion site is scam or not,http://choicecbtavv4cax.onion,200
Ruddy Market,http://mzeh627q7bmzsoxozampnsstkfnby2zvm3y73qcsy43n3eaveehqjoyd.onion,200
Cash Cards â Financial Market,http://qeybpwjb7qn2ws2dein5zvsqgxral3shzsobgypzom4oihqfdlvl4uid.onion,200
Fast Money | Accounts & Transfers,http://tj2dl4f4piiyke4i.onion,200
Millioner Private Club,http://tj2d2hizwtbialiv.onion,200
Counterfeiting Center,http://countfe766hqe4qd.onion,200
Best Financial Service,http://ksoteuqdvuzfwqbx.onion,200
"ZenithCC | Credit cards, PayPal, MoneyTransfer..",http://zenithccalwhzy26.onion,200
Horizon Store\n    ,http://horizontjsecs65q.onion,200
CardHero,http://xb2tdsvs4b2fuuidfkttu37b6byz67xeepyqsj73uxtzhf37e5prhgad.onion,200
Best CC's,http://bestcc5xpfjihry2nlc25pj5ujxzrezrjh4egzugvs3u2eopjk5u5zid.onion,200
"OnionWallet Anonymous and secure Bitcoin Wallet and Bitcoin Mixer, Laundry. Wash your Bitcoins. Tor Web Wallet",http://onionw75v3imttfa.onion,200
"Manticore – PREPAID CARDS (VISA,MasterCard) AND MONEY TRANSFERS VIA PAYPAL AND WESTERN UNION",http://fp5xenfx2tl4tw2h.onion,200
MixBitWallet,http://plbhmdwbvvjhp3wvy3dogd26nvijkui2alcnja5iewstkdenpmsqtrid.onion,200
#1 Documents on Darknet,http://docs7vfmtjqjkzf4fs2ugjleioylilplksdimw2gvj7lfh2jqttl7myd.onion,200
Multi Escrow,http://mescrowvbbfqihed.onion,200
Xchange.me - exchange crypto anonymously,http://xchangen24yn24b6.onion,200
dk7ide ,http://dark73adlkrgr6u7.onion,200
cardhouse,http://cardhouse2wbmadx.onion,200
Dark Web Hackers,http://ziagmjbpt47drkrk.onion,200
BitHacker,http://bithacksni2g5u6i.onion,200
XMPP Spammer,http://xmppspamc54buwix.onion,200
Fast Money | Accounts & Transfers,http://fastjpwyhpea34jr.onion,200
"Rent-A-Hacker - Hire a hacker for every job you can imagine, from DDOS to completely ruining people or destroy reputation of a company or individual",http://hacker3r3cbxxbni.onion,200
Dark Mamba - Private Military Company,http://darkmambawopntdk.onion,200
The Bank,http://bank6xjyypiuh64ky3oht3n5h5gqqimp2xrhkddzc3ifceligsoxvyqd.onion,200
OneDium,http://wynnxfwh3ll3mck2.onion,200
CCard Master,http://3ksk72lnqnuogf32ptstwqv3djndtdizdoventuhukfnxovb6y6ohvyd.onion,200
CREDITCARD CENTER,http://cccenterjb27ubnm.onion,200
222LOTTO!,http://lottoaqr3bnq3nfa.onion,200
Banana Market,http://e6lukm2z4gk5bmhg.onion,200
Onion Dir - Adult,http://yhmlzauwv73vafoo.onion,200
Hacker Services,http://hacker5quf443wtg4n7hi6m3l4xpcyasknjvhhrb6pcbgakhu7bblhad.onion,200
"Bitcoin Blender, anonymous bitcoin mixer",http://btcmix2ldz6wm3wfjsqdzzzbzyhss4jenz5adj72sq7omcla6n364hyd.onion,200
Bitcoin Fog,http://foggedd3mc4dr2o2.onion,200
OnionName: Obtain your vanity .onion domain name in Tor network without much hassle!,http://onionname3jpufot.onion,200
Onion Identity Services - Get your fake passport and a new identity today,http://abbujjh5vqtq77wg.onion,200
PayPal Bazaar - Best PayPal & Bank Account Vendor On Tor,http://eo324nxmmuo5mldk.onion,200
Bucephalus ,http://bucepafkui6lyblt.onion,200
Anarplex,http://y5fmhyqdr6r7ddws.onion,200
USJUD | Counterfeits,http://usjudr3c6ez6tesi.onion,200
OnionGain,http://k757ne5nink5kaxof3jyw27sbm2axreuekbmwnzqgf7go72oobxqfiyd.onion,200
VPN for business | DeepWebVPN,http://deepwebvpnvvotmw.onion,200
Home :: Kaizushi's Little Onion Server,http://kaizushigdv5mrnz.onion,200
Анонимный хостинг картинок Pic2Tor,http://pic2torqdbtzkasl.onion,200
"TorShops | Create your own .onion store - buy and sell drugs, guns, counterfeits, fake ids, fake passports for bitcoin",http://shopsat2dotfotbs.onion,200
Onion-links-2020 v3,http://onionjbfvwvyiq4o.onion,200
Onion Dir - Adult,http://idwrevavg4dgldic.onion,200
Bible4u - uncensored Bible for Darknet,http://bible4u2lvhacg4b3to2e2veqpwmrc2c3tjf2wuuqiz332vlwmr4xbad.onion,200
firearms72,http://jj6n3kor34vbvinb.onion,200
OnionDir - Adult,http://blkbook3fxhcsn3u.onion,200
The Stock Insiders - Insider trading,http://thestock6nonb74owd6utzh4vld3xsf2n2fwxpwywjgq7maj47mvwmid.onion,200
TOR VERIFIED,http://verified3kai35rk.onion,200
Unknown title,http://kr5hou2zh4qtebqk.onion,200
The Stock Insiders,http://b34xhb2kjf3nbuyk.onion,200
"Hire a hitman, hire a killer, hitman for hire",http://6fum7nmdlbkrir24.onion,200
DEEPDOTWEB :: This hidden site has been seized,http://deepdot35wvmeyd5.onion,200
OnionDir - Adult,http://6i3athikp6hsre2m.onion,200
Galaxy3,http://w363zoq3ylux5rf5.onion,200
OnionDir - Adult,http://legionhiden4dqh4.onion,200
Dark Search Enginer,http://7pwy57iklvt6lyhe.onion,200
Scam List of Tor,http://scamlistz42c3e26.onion,200
"Live Onion Miner, Tor Roadmap, Deepweb directory",http://gimpydtor2g4wfelfttr5lak25uzvtndfn7gbjq6alft32wxkiqc34yd.onion,200
Onion Dir - Adult,http://sghtmok4juuxdiws.onion,200
Willkommen auf DiDW!,http://germanyruvvy2tcw.onion,200
Dark Web Forums - Carding Forum - Credit Cards - Hacking Forum - Cracking,http://4gj66ltkilkyutyw.onion,503
Unknown title,http://spyiranhereogc3f.onion,200
ÐÐ¾Ð´Ñ ÑÐµÐ½ÑÑÐ¾Ð¿ÑÐµ Ð±ÐµÑÐ¿Ð»Ð°ÑÐ½Ð¾,http://dmw5oa73ytwhbzit.onion,200
Whonix - Software That Can Anonymize Everything You Do Online,http://dds6qkxpwdeubwucdiaord2xgbbeyds25rbsgr73tbfpqpt4a6vjwsyd.onion,200
OnionDir - Adult,http://saefjmgij57x5gky.onion,200
ôÅÍÎÁÑ ÓÔÏÒÏÎÁ àÒÉÑ ûÉÍÁÎÏ×ÓËÏÇÏ,http://zmq5wdldcoygg5bf.onion,200
xPlay - Captcha,http://xplayyyyyirxui4n.onion,200
Celebrity Underground,http://iz56hciijqh5uh5u.onion,200
Onion Dir - Adult,http://n65xqgf3qj423wfj.onion,200
OnionDir - Adult,http://gqe5keek4vzphqqs.onion,200
Onion Dir - Adult,http://myu2ececidqq5zfy.onion,200
Unknown title,http://ftyffwtact6nguwi.onion,200
Unknown title,http://familybw6azkhjsc.onion,200
OnionDir - Adult,http://5p6s4vkwdapnsiaw.onion,200
OnionDir - Adult,http://ofvibtptm3c3vxxw.onion,200
Unknown title,http://csxtih62vmohxptm.onion,200
Redirecting...,http://7xzpanb5jpin4m2m2mss3uqoydtd37wccsvbf442b6d7ytv7tlarqdid.onion,200
Redirecting...,http://7xzpanb5jpin4m2m2mss3uqoydtd37wccsvbf442b6d7ytv7tlarqdid.onion,200
OnionDir - Adult,http://eqss5zckaykxqbz6.onion,200
BTC PK Center,http://btcpkznxzgyigrutvd4gzpxfqzc74dav34dlwoltmobvxrjokffz6eyd.onion,200
BTC PK Center,http://btcpkznxzgyigrutvd4gzpxfqzc74dav34dlwoltmobvxrjokffz6eyd.onion,200
Onion Dir - Adult,http://z25ub7elk47ca2gj.onion,200
AMAZON GC STORE,http://gci5o74ftlfdrkn6pemig7umsjn56ifnhjgtweg7grqrhbaszkqs37id.onion,200
AMAZON GC STORE,http://gci5o74ftlfdrkn6pemig7umsjn56ifnhjgtweg7grqrhbaszkqs37id.onion,200
The Paypal Cent!,http://ppcentvcgdioqya5cb3ctcddvpny4ntuxmnrm5wl6kyjjqqkaamfmmid.onion,200
The Paypal Cent!,http://ppcentvcgdioqya5cb3ctcddvpny4ntuxmnrm5wl6kyjjqqkaamfmmid.onion,200
CCshop PayPal,http://shopbyxlf7e6guk2ziwm6jmbqxf6vns3kvdkhqa6daeqmm3zjwrxqkyd.onion,200
CCshop PayPal,http://shopbyxlf7e6guk2ziwm6jmbqxf6vns3kvdkhqa6daeqmm3zjwrxqkyd.onion,200
 Bitcoin Wallet Generator,http://walletma3y2ymmun.onion,200
 Bitcoin Wallet Generator,http://walletma3y2ymmun.onion,200
Unknown title,http://2adult2xfruzeron.onion,200
Unknown title,http://2adult2xfruzeron.onion,200
Welcome to crm-int-01!,http://2iqyjmvrkrq5h5mg.onion,200
QR Code Generator,http://2zmlqmz43hi5e5xyulzybne6zys7gtvjinf5grfallwan4xyr52gfnad.onion,200
QR Code Generator,http://2zmlqmz43hi5e5xyulzybne6zys7gtvjinf5grfallwan4xyr52gfnad.onion,200
BushZilla – Bushy Girls and Monster Cocks,http://333vhptbj3mxkx27sp6r36x4fpmoiyr53ickwpoblzzbt6a6xu46v3ad.onion,200
BushZilla – Bushy Girls and Monster Cocks,http://333vhptbj3mxkx27sp6r36x4fpmoiyr53ickwpoblzzbt6a6xu46v3ad.onion,200
The Guardian SecureDrop,http://33y6fjyhs3phzfjj.onion,200
http://32khfgj2sg66eeuhf7r75y5f7cvukljoccqkb34g5h24lfblaywvwlqd.onion
The Guardian SecureDrop,http://33y6fjyhs3phzfjj.onion,200
http://32khfgj2sg66eeuhf7r75y5f7cvukljoccqkb34g5h24lfblaywvwlqd.onion
OnionLand Search,http://3bbad7fauom4d6sgppalyqddsqbf5u5p56b5k5uk2zxsy3d6ey2jobad.onion,200
OnionLand Search,http://3bbad7fauom4d6sgppalyqddsqbf5u5p56b5k5uk2zxsy3d6ey2jobad.onion,200
3D Boys Old Website,http://3dboysn3o5d7dk3i.onion,200
3D Boys Old Website,http://3dboysn3o5d7dk3i.onion,200
STREAMING SERVICES ACCOUNTS,http://3fylnul5cihq73bua75pohvh7ukmiyris7lr3oqa473h45elohay2iid.onion,200
STREAMING SERVICES ACCOUNTS,http://3fylnul5cihq73bua75pohvh7ukmiyris7lr3oqa473h45elohay2iid.onion,200
We Fight Censorship,http://3kyl4i7bfdgwelmf.onion,200
We Fight Censorship,http://3kyl4i7bfdgwelmf.onion,200
SNUFF Cinema ,http://3yxguswmxrjsnojlrn7uncbo4ekwliy4smmwzk2wl4f5flb3sjmvtlad.onion,200
SNUFF Cinema ,http://3yxguswmxrjsnojlrn7uncbo4ekwliy4smmwzk2wl4f5flb3sjmvtlad.onion,200
Parckwart’s Website,http://45tbhx5prlejzjgn36nqaxqb6qnm73pbohuvqkpxz2zowh57bxqawkid.onion,200
Parckwart’s Website,http://45tbhx5prlejzjgn36nqaxqb6qnm73pbohuvqkpxz2zowh57bxqawkid.onion,200
Dark Web Forums - Carding Forum - Credit Cards - Hacking Forum - Cracking,http://4gj66ltkilkyutyw.onion,503
16chan,http://47s7obvdgdpj6fkc.onion,200
Keyringer: encrypted and distributed secret sharing software,http://4qt45wbulqipigwa.onion,200
Keyringer: encrypted and distributed secret sharing software,http://4qt45wbulqipigwa.onion,200
Onion Scanner,http://4r4zaei5qa7qq5ha.onion,200
Redirecionando...,http://4ryfdx77ogf4xi4y.onion,200
Redirecionando...,http://4ryfdx77ogf4xi4y.onion,200
Accueil | Hack2G2,http://55ztmi4fzlvskhw5.onion,200
Accueil | Hack2G2,http://55ztmi4fzlvskhw5.onion,200
Systemli Paste,http://5b6kg6vyo4uk2w7y6eibyuhvpoxnkyaxkjqo72pomcbgbqfmenas3eqd.onion,200
Systemli Paste,http://5b6kg6vyo4uk2w7y6eibyuhvpoxnkyaxkjqo72pomcbgbqfmenas3eqd.onion,200
☠ Michael's Top Secret Page ☠,http://5qahzzgawtqnrhux.onion,200
Onion Search Engine,http://5u56fjmxu63xcmbk.onion,200
CCshop PayPal,http://6u66qvwjti7v4ncr5vd2utaoh7typ4c4l2tsca6w2x237cbdxixm3mad.onion,200
☠ Michael's Top Secret Page ☠,http://5qahzzgawtqnrhux.onion,200
CCshop PayPal,http://6u66qvwjti7v4ncr5vd2utaoh7typ4c4l2tsca6w2x237cbdxixm3mad.onion,200
Piratenpartij - Piratenpartij,http://6zwctlqtpilbkl47.onion,200
Piratenpartij - Piratenpartij,http://6zwctlqtpilbkl47.onion,200
\nBlog StÃ©phane Bortzmeyer: Accueil\n\n,http://7j3ncmar4jm2r3e7.onion,200
Beneath VT – Exploring Virginia Tech's steam tunnels and beyond,http://74ypjqjwf6oejmax.onion,200
\nBlog StÃ©phane Bortzmeyer: Accueil\n\n,http://7j3ncmar4jm2r3e7.onion,200
cYpherpunK.at > encrypt - protect - private - information,http://7pd3i34noxnxolha.onion,200
cYpherpunK.at > encrypt - protect - private - information,http://7pd3i34noxnxolha.onion,200
Webpage archive,http://archivecaslytosk.onion,200
Bible4u - uncensored Bible for Darknet,http://bible4u2lvhacg4b3to2e2veqpwmrc2c3tjf2wuuqiz332vlwmr4xbad.onion,200
BitVPS - Accountless VPS Hosting for cryptocurrency,http://bitvpsj2ojxo7faned27wmpqiss3pny7m7bptwtnegl7fswjrxwtmxid.onion,200
BitVPS - Accountless VPS Hosting for cryptocurrency,http://bitvpsj2ojxo7faned27wmpqiss3pny7m7bptwtnegl7fswjrxwtmxid.onion,200
Bitmessage E-Mail Gateway,http://bitmailendavkbec.onion,200
Unknown title,http://bpo4ybbs2apk4sk4.onion,200
Unknown title,http://bpo4ybbs2apk4sk4.onion,200
Judicial review - Legal.cases,http://casesvrcgem4gnb5.onion,200
Judicial review - Legal.cases,http://casesvrcgem4gnb5.onion,200
Cash Cards â Financial Market,http://cashyjun2yp4tiub.onion,200
Cebulka - Polish .onion forum,http://cebulka7millweap.onion,200
Cebulka - Polish .onion forum,http://cebulka7millweap.onion,200
Cash Cards â Financial Market,http://cashyjun2yp4tiub.onion,200
Cebulka - Polish .onion forum,http://cebulka7uxchnbpvmqapg5pfos4ngaxglsktzvha7a5rigndghvadeyd.onion,200
Cebulka - Polish .onion forum,http://cebulka7uxchnbpvmqapg5pfos4ngaxglsktzvha7a5rigndghvadeyd.onion,200
OnionDir - Adult,http://blkbook3fxhcsn3u.onion,200
CTemplar - Most Secure Anonymous Encrypted Email,http://ctemplarpizuduxk3fkwrieizstx33kg5chlvrh37nz73pv5smsvl6ad.onion,200
Central Intelligence Agency - CIA,http://ciadotgov4sjwlzihbbgxnqg3xiyrg7so2r2o3lt5wz5ypk4sxyjstad.onion,200
Dark Matter Project – darkmatterproject@secmail.pro,http://dark5rc4wrxftqix.onion,200
Dark web links,http://darkmond65ucj7scvxquhmm2nbfm5tvkqi75xpf7czat73j67yute7ad.onion,200
DarkTor | Onion Links | Deep Web | Wiki Hidden 2021 | Directory,http://darktorhvabc652txfc575oendhykqcllb7bh7jhhsjduocdlyzdbmqd.onion,200
Darknetlive,http://darkzzx4avcsuofgfez5zq75cqc4mprjvfqywo45dfcaxrwqg6qrlfid.onion,200
\n	DeepLink Onion Directory \n,http://deeplinktx532i7z.onion,200
Paul's Onion List | Safe DeepWeb Links | 2021 Verified DarkWeb Onions,http://paullzqj3ntil7vyar3gxeks7bz5haiteeehz5vdk5fadvtto7q7liid.onion,200
Paul's Onion List | Safe DeepWeb Links | 2021 Verified DarkWeb Onions,http://linkdnwzr3lpx6xq.onion,200
TorWiki,http://torwikiehdh663hyidiqr57kss5emjgzkm66rdpue664dtolhwg7ayyd.onion,200
Legalise,http://legalisezzsbmrou.onion,200
Executive Outcomes,http://5zkfuvtrpotg2nzd.onion,200
TMG Mirror List,http://tmglsdhn6f4hiqvbe36cdccecgb2lyf5wpmpbrzlqecosbndo4bhkdad.onion,200
TMG Mirror List,http://tmglsdiax6dhx6iasbrokghhv7553a4cqc374tcgkvgl3xmp6z5t5myd.onion,200
TMG Mirror List,http://tmglsdgex3yyvbmpon4umcnpwwj2v7ffqyibnwiqq7dpa36pjtkeifyd.onion,200
TMG Mirror List,http://tmglsdg534uilrgon7s4mzxwnqru77i6nnxrhyutfwygmzna6dbh7hyd.onion,200
TMG Mirror List,http://tmglsderq74ddjarlx5seo3ug6x2d2eql3zevyytiwietbnonvwk3fyd.onion,200
TMG Mirror List,http://tmglsdfyluanmfqqqugzdvmuh7ndnpu4qtczw6ms5tttgacpwouiuaid.onion,200
TMG Mirror List,http://tmglsde7uimkreyqpj5ic7fbmkr4n33osmlxgm2lmusk3shvmnq7nnqd.onion,200
TMG Mirror List,http://tmglsder3bb6jpku2isej7zm5pel7xyqfkophd33ai5c2owhn6ksu5ad.onion,200
TMG Mirror List,http://tmglsdczzl3qmjwkt2shdih5ua54ln2p2e3ebc36za4ocp6kkva63aqd.onion,200
TMG Mirror List,http://tmglsdds6usxqsghympkjfbddume3olbvpqdrpxvcxplhd4z7bxucdid.onion,200
The Paypal World!,http://nare7pqnmnojs2pg.onion,200
"Cash Cow. PrePaid cards, Paypal Transfers and Accounts, Bank Transfers, Western Union Transfers, MoneyGram Transfers, Real Money, Gift Cards",http://upv3wvf6sikfiluy.onion,200
Premium Cards | We send them right to your pocket,http://slwc4j5wkn3yyo5j.onion,200
Unknown title,http://hcutffpecnc44vef.onion,200
Hidden Wallet,http://nql7pv7k32nnqor2.onion,200
Queens Cash – The #1 Wholesaler of Genuine Notes,http://queencdcguevwedi.onion,200
Euro Guns - Number one guns dealer in onionland - Buy guns and ammo for Bitcoin.,http://2kka4f23pcxgqkpv.onion,200
Store,http://pushingtabu7itqj.onion,200
Home | The French Connection,http://abyssopyps3z4xof.onion,200
CharlieUK Cocaine Vendorshop ,http://eeyovrly7charuku.onion,200
